This is XeTeX, Version 3.141592653-2.6-0.999995 (TeX Live 2023/Debian) (preloaded format=xelatex 2026.9.14)  14 SEP 2026 00:00
entering extended mode
 restricted \write18 enabled.
 %&-line parsing enabled.
**"/publication/work/tmp/work-area-2/input.tex"

(/publication/work/tmp/work-area-2/input.tex
LaTeX2e <2023-11-01> patch level 1
L3 programming layer <2024-01-22>

(/usr/share/texlive/texmf-dist/tex/latex/latex-lab/documentmetadata-support.ltx

(/usr/share/texlive/texmf-dist/tex/latex/pdfmanagement-testphase/pdfmanagement-
testphase.sty
Package: pdfmanagement-testphase 2023-12-09 v0.96d LaTeX PDF management testpha
se bundle

(/publication/work/publication/extra/tagpdf/tagpdf-base.sty
Package: tagpdf-base 2024-02-04 v0.98v part of tagpdf - provide base, no-op ver
sions of the user commands 
\c@g__tag_MCID_abs_int=\count183
\c@g__tag_struct_abs_int=\count184
)
(/usr/share/texlive/texmf-dist/tex/latex/pdfmanagement-testphase/pdfmanagement-
testphase.ltx
File: pdfmanagement-testphase.ltx 2023-12-09 v0.96d PDF management code (testph
ase)
\g__pdfmanagement_EmbeddedFiles_int=\count185
\l__pdfmeta_xmp_indent_int=\count186
)))
(/usr/share/texlive/texmf-dist/tex/latex/l3backend/l3backend-xetex.def
File: l3backend-xetex.def 2024-01-04 L3 backend support: XeTeX
\g__graphics_track_int=\count187
\l__pdf_internal_box=\box51
\g__pdf_backend_object_int=\count188
\g__pdf_backend_annotation_int=\count189
\g__pdf_backend_link_int=\count190
)
(/usr/share/texlive/texmf-dist/tex/latex/pdfmanagement-testphase/l3backend-test
phase-xetex.def
File: l3backend-testphase-xetex.def 2023-12-09 LaTeX PDF management testphase b
undle backend support:XeTeX
\l__pdf_backend_tmpa_box=\box52
\l__pdf_backend_tmpb_box=\box53
\g__pdf_backend_resourceid_int=\count191
\g__pdf_backend_name_int=\count192
\g__pdf_backend_page_int=\count193
)
(/usr/share/texlive/texmf-dist/tex/latex/pdfmanagement-testphase/pdfmanagement-
firstaid.sty
Package: pdfmanagement-firstaid 2023-12-09 v0.96d LaTeX PDF management testphas
e bundle / firstaid-patches

Package pdfmanagement Info: loading pdfmanagement firstaid code for pgf

) (/usr/share/texlive/texmf-dist/tex/latex/base/article.cls
Document Class: article 2023/05/17 v1.4n Standard LaTeX document class
(/usr/share/texlive/texmf-dist/tex/latex/base/size11.clo
File: size11.clo 2023/05/17 v1.4n Standard LaTeX file (size option)
Font mapping `tex-text.tec' for font `[lmroman10-regular]:mapping=tex-text;' no
t found.
)
\c@part=\count194
\c@section=\count195
\c@subsection=\count196
\c@subsubsection=\count197
\c@paragraph=\count198
\c@subparagraph=\count199
\c@figure=\count266
\c@table=\count267
\abovecaptionskip=\skip48
\belowcaptionskip=\skip49
\bibindent=\dimen140
)
(/usr/share/texlive/texmf-dist/tex/latex/amsmath/amsmath.sty
Package: amsmath 2023/05/13 v2.17o AMS math features
\@mathmargin=\skip50

For additional information on amsmath, use the `?' option.
(/usr/share/texlive/texmf-dist/tex/latex/amsmath/amstext.sty
Package: amstext 2021/08/26 v2.01 AMS text

(/usr/share/texlive/texmf-dist/tex/latex/amsmath/amsgen.sty
File: amsgen.sty 1999/11/30 v2.0 generic functions
\@emptytoks=\toks17
\ex@=\dimen141
))
(/usr/share/texlive/texmf-dist/tex/latex/amsmath/amsbsy.sty
Package: amsbsy 1999/11/29 v1.2d Bold Symbols
\pmbraise@=\dimen142
)
(/usr/share/texlive/texmf-dist/tex/latex/amsmath/amsopn.sty
Package: amsopn 2022/04/08 v2.04 operator names
)
\inf@bad=\count268
LaTeX Info: Redefining \frac on input line 234.
\uproot@=\count269
\leftroot@=\count270
LaTeX Info: Redefining \overline on input line 399.
LaTeX Info: Redefining \colon on input line 410.
\classnum@=\count271
\DOTSCASE@=\count272
LaTeX Info: Redefining \ldots on input line 496.
LaTeX Info: Redefining \dots on input line 499.
LaTeX Info: Redefining \cdots on input line 620.
\Mathstrutbox@=\box54
\strutbox@=\box55
LaTeX Info: Redefining \big on input line 722.
LaTeX Info: Redefining \Big on input line 723.
LaTeX Info: Redefining \bigg on input line 724.
LaTeX Info: Redefining \Bigg on input line 725.
\big@size=\dimen143
LaTeX Font Info:    Redeclaring font encoding OML on input line 743.
LaTeX Font Info:    Redeclaring font encoding OMS on input line 744.
\macc@depth=\count273
LaTeX Info: Redefining \bmod on input line 905.
LaTeX Info: Redefining \pmod on input line 910.
LaTeX Info: Redefining \smash on input line 940.
LaTeX Info: Redefining \relbar on input line 970.
LaTeX Info: Redefining \Relbar on input line 971.
\c@MaxMatrixCols=\count274
\dotsspace@=\muskip16
\c@parentequation=\count275
\dspbrk@lvl=\count276
\tag@help=\toks18
\row@=\count277
\column@=\count278
\maxfields@=\count279
\andhelp@=\toks19
\eqnshift@=\dimen144
\alignsep@=\dimen145
\tagshift@=\dimen146
\tagwidth@=\dimen147
\totwidth@=\dimen148
\lineht@=\dimen149
\@envbody=\toks20
\multlinegap=\skip51
\multlinetaggap=\skip52
\mathdisplay@stack=\toks21
LaTeX Info: Redefining \[ on input line 2953.
LaTeX Info: Redefining \] on input line 2954.
)
(/usr/share/texlive/texmf-dist/tex/latex/amsfonts/amssymb.sty
Package: amssymb 2013/01/14 v3.01 AMS font symbols

(/usr/share/texlive/texmf-dist/tex/latex/amsfonts/amsfonts.sty
Package: amsfonts 2013/01/14 v3.01 Basic AMSFonts support
\symAMSa=\mathgroup4
\symAMSb=\mathgroup5
LaTeX Font Info:    Redeclaring math symbol \hbar on input line 98.
LaTeX Font Info:    Overwriting math alphabet `\mathfrak' in version `bold'
(Font)                  U/euf/m/n --> U/euf/b/n on input line 106.
))
(/usr/share/texlive/texmf-dist/tex/latex/setspace/setspace.sty
Package: setspace 2022/12/04 v6.7b set line spacing
)
(/usr/share/texlive/texmf-dist/tex/generic/iftex/iftex.sty
Package: iftex 2022/02/03 v1.0f TeX engine tests
)
(/usr/share/texlive/texmf-dist/tex/latex/unicode-math/unicode-math.sty
(/usr/share/texlive/texmf-dist/tex/latex/l3kernel/expl3.sty
Package: expl3 2024-01-22 L3 programming layer (loader) 
)
Package: unicode-math 2023/08/13 v0.8r Unicode maths in XeLaTeX and LuaLaTeX

(/usr/share/texlive/texmf-dist/tex/latex/unicode-math/unicode-math-xetex.sty
Package: unicode-math-xetex 2023/08/13 v0.8r Unicode maths in XeLaTeX and LuaLa
TeX

(/usr/share/texlive/texmf-dist/tex/latex/l3packages/xparse/xparse.sty
Package: xparse 2023-10-10 L3 Experimental document command parser
)
(/usr/share/texlive/texmf-dist/tex/latex/l3packages/l3keys2e/l3keys2e.sty
Package: l3keys2e 2023-10-10 LaTeX2e option processing using LaTeX3 keys
)
(/usr/share/texlive/texmf-dist/tex/latex/fontspec/fontspec.sty
Package: fontspec 2022/01/15 v2.8a Font selection for XeLaTeX and LuaLaTeX

(/usr/share/texlive/texmf-dist/tex/latex/fontspec/fontspec-xetex.sty
Package: fontspec-xetex 2022/01/15 v2.8a Font selection for XeLaTeX and LuaLaTe
X
\l__fontspec_script_int=\count280
\l__fontspec_language_int=\count281
\l__fontspec_strnum_int=\count282
\l__fontspec_tmp_int=\count283
\l__fontspec_tmpa_int=\count284
\l__fontspec_tmpb_int=\count285
\l__fontspec_tmpc_int=\count286
\l__fontspec_em_int=\count287
\l__fontspec_emdef_int=\count288
\l__fontspec_strong_int=\count289
\l__fontspec_strongdef_int=\count290
\l__fontspec_tmpa_dim=\dimen150
\l__fontspec_tmpb_dim=\dimen151
\l__fontspec_tmpc_dim=\dimen152

(/usr/share/texlive/texmf-dist/tex/latex/base/fontenc.sty
Package: fontenc 2021/04/29 v2.0v Standard LaTeX package
)
(/usr/share/texlive/texmf-dist/tex/latex/fontspec/fontspec.cfg)
Font mapping `tex-text.tec' for font `[lmroman10-bold]:mapping=tex-text;' not f
ound.
))
(/usr/share/texlive/texmf-dist/tex/latex/base/fix-cm.sty
Package: fix-cm 2020/11/24 v1.1t fixes to LaTeX

(/usr/share/texlive/texmf-dist/tex/latex/base/ts1enc.def
File: ts1enc.def 2001/06/05 v3.0e (jk/car/fm) Standard LaTeX file
LaTeX Font Info:    Redeclaring font encoding TS1 on input line 47.
))
\g__um_fam_int=\count291
\g__um_fonts_used_int=\count292
\l__um_primecount_int=\count293
\g__um_primekern_muskip=\muskip17

(/usr/share/texlive/texmf-dist/tex/latex/unicode-math/unicode-math-table.tex)))
(/usr/share/texmf/tex/latex/lm/lmodern.sty
Package: lmodern 2015/05/01 v1.6.1 Latin Modern Fonts
LaTeX Font Info:    Overwriting symbol font `operators' in version `normal'
(Font)                  OT1/cmr/m/n --> OT1/lmr/m/n on input line 22.
LaTeX Font Info:    Overwriting symbol font `letters' in version `normal'
(Font)                  OML/cmm/m/it --> OML/lmm/m/it on input line 23.
LaTeX Font Info:    Overwriting symbol font `symbols' in version `normal'
(Font)                  OMS/cmsy/m/n --> OMS/lmsy/m/n on input line 24.
LaTeX Font Info:    Overwriting symbol font `largesymbols' in version `normal'
(Font)                  OMX/cmex/m/n --> OMX/lmex/m/n on input line 25.
LaTeX Font Info:    Overwriting symbol font `operators' in version `bold'
(Font)                  OT1/cmr/bx/n --> OT1/lmr/bx/n on input line 26.
LaTeX Font Info:    Overwriting symbol font `letters' in version `bold'
(Font)                  OML/cmm/b/it --> OML/lmm/b/it on input line 27.
LaTeX Font Info:    Overwriting symbol font `symbols' in version `bold'
(Font)                  OMS/cmsy/b/n --> OMS/lmsy/b/n on input line 28.
LaTeX Font Info:    Overwriting symbol font `largesymbols' in version `bold'
(Font)                  OMX/cmex/m/n --> OMX/lmex/m/n on input line 29.
LaTeX Font Info:    Overwriting math alphabet `\mathbf' in version `normal'
(Font)                  OT1/cmr/bx/n --> OT1/lmr/bx/n on input line 31.
LaTeX Font Info:    Overwriting math alphabet `\mathsf' in version `normal'
(Font)                  OT1/cmss/m/n --> OT1/lmss/m/n on input line 32.
LaTeX Font Info:    Overwriting math alphabet `\mathit' in version `normal'
(Font)                  OT1/cmr/m/it --> OT1/lmr/m/it on input line 33.
LaTeX Font Info:    Overwriting math alphabet `\mathtt' in version `normal'
(Font)                  OT1/cmtt/m/n --> OT1/lmtt/m/n on input line 34.
LaTeX Font Info:    Overwriting math alphabet `\mathbf' in version `bold'
(Font)                  OT1/cmr/bx/n --> OT1/lmr/bx/n on input line 35.
LaTeX Font Info:    Overwriting math alphabet `\mathsf' in version `bold'
(Font)                  OT1/cmss/bx/n --> OT1/lmss/bx/n on input line 36.
LaTeX Font Info:    Overwriting math alphabet `\mathit' in version `bold'
(Font)                  OT1/cmr/bx/it --> OT1/lmr/bx/it on input line 37.
LaTeX Font Info:    Overwriting math alphabet `\mathtt' in version `bold'
(Font)                  OT1/cmtt/m/n --> OT1/lmtt/m/n on input line 38.
)

Package fontspec Info: Latin Modern Roman scale = 0.9999967668407183.


Package fontspec Info: Latin Modern Roman scale = 0.9999967668407183.


Package fontspec Info: Latin Modern Roman/B scale = 0.9707178366978005.


Package fontspec Info: Latin Modern Roman/I scale = 0.9999967668407183.


Package fontspec Info: Latin Modern Roman/BI scale = 0.9707178366978005.


Package fontspec Info: Font family 'LatinModernRoman(0)' created for font
(fontspec)             'Latin Modern Roman' with options
(fontspec)             [Scale=MatchLowercase,Ligatures=TeX,Scale=1].
(fontspec)              
(fontspec)              This font family consists of the following NFSS
(fontspec)             series/shapes:
(fontspec)              
(fontspec)             - 'normal' (m/n) with NFSS spec.: <->s*[1]"Latin Modern
(fontspec)             Roman/OT:script=latn;language=dflt;mapping=tex-text;"
(fontspec)             - 'small caps'  (m/sc) with NFSS spec.: 
(fontspec)             - 'bold' (b/n) with NFSS spec.: <->s*[1]"Latin Modern
(fontspec)             Roman/B/OT:script=latn;language=dflt;mapping=tex-text;"
(fontspec)             - 'bold small caps'  (b/sc) with NFSS spec.: 
(fontspec)             - 'italic' (m/it) with NFSS spec.: <->s*[1]"Latin
(fontspec)             Modern
(fontspec)             Roman/I/OT:script=latn;language=dflt;mapping=tex-text;"
(fontspec)             - 'italic small caps'  (m/scit) with NFSS spec.: 
(fontspec)             - 'bold italic' (b/it) with NFSS spec.: <->s*[1]"Latin
(fontspec)             Modern
(fontspec)             Roman/BI/OT:script=latn;language=dflt;mapping=tex-text;"

(fontspec)             - 'bold italic small caps'  (b/scit) with NFSS spec.: 

LaTeX Font Info:    Font shape `TU/LatinModernRoman(0)/m/n' will be
(Font)              scaled to size 10.95pt on input line 28.
Font mapping `tex-text.tec' for font `Latin Modern Roman 10 Regular' not found.

Package fontspec Info: Latin Modern Roman scale = 0.9999967668407183.


Package fontspec Info: Latin Modern Roman scale = 0.9999967668407183.


Package fontspec Info: Latin Modern Roman/B scale = 0.9707178366978005.


Package fontspec Info: Latin Modern Roman/I scale = 0.9999967668407183.


Package fontspec Info: Latin Modern Roman/BI scale = 0.9707178366978005.


Package fontspec Info: Font family 'LatinModernRoman(1)' created for font
(fontspec)             'Latin Modern Roman' with options
(fontspec)             [Scale=MatchLowercase].
(fontspec)              
(fontspec)              This font family consists of the following NFSS
(fontspec)             series/shapes:
(fontspec)              
(fontspec)             - 'normal' (m/n) with NFSS spec.:
(fontspec)             <->s*[0.9999967668407183]"Latin Modern
(fontspec)             Roman/OT:script=latn;language=dflt;"
(fontspec)             - 'small caps'  (m/sc) with NFSS spec.: 
(fontspec)             - 'bold' (b/n) with NFSS spec.:
(fontspec)             <->s*[0.9707178366978005]"Latin Modern
(fontspec)             Roman/B/OT:script=latn;language=dflt;"
(fontspec)             - 'bold small caps'  (b/sc) with NFSS spec.: 
(fontspec)             - 'italic' (m/it) with NFSS spec.:
(fontspec)             <->s*[0.9999967668407183]"Latin Modern
(fontspec)             Roman/I/OT:script=latn;language=dflt;"
(fontspec)             - 'italic small caps'  (m/scit) with NFSS spec.: 
(fontspec)             - 'bold italic' (b/it) with NFSS spec.:
(fontspec)             <->s*[0.9707178366978005]"Latin Modern
(fontspec)             Roman/BI/OT:script=latn;language=dflt;"
(fontspec)             - 'bold italic small caps'  (b/scit) with NFSS spec.: 

LaTeX Font Info:    Overwriting math alphabet `\mathrm' in version `normal'
(Font)                  OT1/lmr/m/n --> TU/LatinModernRoman(1)/m/n on input lin
e 28.
LaTeX Font Info:    Overwriting math alphabet `\mathit' in version `normal'
(Font)                  OT1/lmr/m/it --> TU/LatinModernRoman(1)/m/it on input l
ine 28.
LaTeX Font Info:    Overwriting math alphabet `\mathbf' in version `normal'
(Font)                  OT1/lmr/bx/n --> TU/LatinModernRoman(1)/b/n on input li
ne 28.

Package fontspec Info: DejaVu Sans Mono scale = 0.788112595521966.


Package fontspec Info: DejaVu Sans Mono scale = 0.788112595521966.


Package fontspec Info: DejaVu Sans Mono/B scale = 0.788112595521966.


Package fontspec Info: DejaVu Sans Mono/I scale = 0.788112595521966.


Package fontspec Info: DejaVu Sans Mono/BI scale = 0.788112595521966.


Package fontspec Info: Font family 'DejaVuSansMono(0)' created for font
(fontspec)             'DejaVu Sans Mono' with options
(fontspec)             [Scale=MatchLowercase,WordSpace={1,0,0},HyphenChar=None,
PunctuationSpace=WordSpace].
(fontspec)              
(fontspec)              This font family consists of the following NFSS
(fontspec)             series/shapes:
(fontspec)              
(fontspec)             - 'normal' (m/n) with NFSS spec.:
(fontspec)             <->s*[0.788112595521966]"DejaVu Sans
(fontspec)             Mono/OT:script=latn;language=dflt;"
(fontspec)             - 'small caps'  (m/sc) with NFSS spec.: 
(fontspec)             and font adjustment code:
(fontspec)             \fontdimen 2\font =1\fontdimen 2\font \fontdimen 3\font
(fontspec)             =0\fontdimen 3\font \fontdimen 4\font =0\fontdimen
(fontspec)             4\font \fontdimen 7\font =0\fontdimen 2\font
(fontspec)             \tex_hyphenchar:D \font =-1\scan_stop: 
(fontspec)             - 'bold' (b/n) with NFSS spec.:
(fontspec)             <->s*[0.788112595521966]"DejaVu Sans
(fontspec)             Mono/B/OT:script=latn;language=dflt;"
(fontspec)             - 'bold small caps'  (b/sc) with NFSS spec.: 
(fontspec)             and font adjustment code:
(fontspec)             \fontdimen 2\font =1\fontdimen 2\font \fontdimen 3\font
(fontspec)             =0\fontdimen 3\font \fontdimen 4\font =0\fontdimen
(fontspec)             4\font \fontdimen 7\font =0\fontdimen 2\font
(fontspec)             \tex_hyphenchar:D \font =-1\scan_stop: 
(fontspec)             - 'italic' (m/it) with NFSS spec.:
(fontspec)             <->s*[0.788112595521966]"DejaVu Sans
(fontspec)             Mono/I/OT:script=latn;language=dflt;"
(fontspec)             - 'italic small caps'  (m/scit) with NFSS spec.: 
(fontspec)             and font adjustment code:
(fontspec)             \fontdimen 2\font =1\fontdimen 2\font \fontdimen 3\font
(fontspec)             =0\fontdimen 3\font \fontdimen 4\font =0\fontdimen
(fontspec)             4\font \fontdimen 7\font =0\fontdimen 2\font
(fontspec)             \tex_hyphenchar:D \font =-1\scan_stop: 
(fontspec)             - 'bold italic' (b/it) with NFSS spec.:
(fontspec)             <->s*[0.788112595521966]"DejaVu Sans
(fontspec)             Mono/BI/OT:script=latn;language=dflt;"
(fontspec)             - 'bold italic small caps'  (b/scit) with NFSS spec.: 
(fontspec)             and font adjustment code:
(fontspec)             \fontdimen 2\font =1\fontdimen 2\font \fontdimen 3\font
(fontspec)             =0\fontdimen 3\font \fontdimen 4\font =0\fontdimen
(fontspec)             4\font \fontdimen 7\font =0\fontdimen 2\font
(fontspec)             \tex_hyphenchar:D \font =-1\scan_stop: 


Package fontspec Info: DejaVu Sans Mono scale = 0.788112595521966.


Package fontspec Info: DejaVu Sans Mono scale = 0.788112595521966.


Package fontspec Info: DejaVu Sans Mono/B scale = 0.788112595521966.


Package fontspec Info: DejaVu Sans Mono/I scale = 0.788112595521966.


Package fontspec Info: DejaVu Sans Mono/BI scale = 0.788112595521966.


Package fontspec Info: Font family 'DejaVuSansMono(1)' created for font
(fontspec)             'DejaVu Sans Mono' with options [Scale=MatchLowercase].
(fontspec)              
(fontspec)              This font family consists of the following NFSS
(fontspec)             series/shapes:
(fontspec)              
(fontspec)             - 'normal' (m/n) with NFSS spec.:
(fontspec)             <->s*[0.788112595521966]"DejaVu Sans
(fontspec)             Mono/OT:script=latn;language=dflt;"
(fontspec)             - 'small caps'  (m/sc) with NFSS spec.: 
(fontspec)             - 'bold' (b/n) with NFSS spec.:
(fontspec)             <->s*[0.788112595521966]"DejaVu Sans
(fontspec)             Mono/B/OT:script=latn;language=dflt;"
(fontspec)             - 'bold small caps'  (b/sc) with NFSS spec.: 
(fontspec)             - 'italic' (m/it) with NFSS spec.:
(fontspec)             <->s*[0.788112595521966]"DejaVu Sans
(fontspec)             Mono/I/OT:script=latn;language=dflt;"
(fontspec)             - 'italic small caps'  (m/scit) with NFSS spec.: 
(fontspec)             - 'bold italic' (b/it) with NFSS spec.:
(fontspec)             <->s*[0.788112595521966]"DejaVu Sans
(fontspec)             Mono/BI/OT:script=latn;language=dflt;"
(fontspec)             - 'bold italic small caps'  (b/scit) with NFSS spec.: 

LaTeX Font Info:    Overwriting math alphabet `\mathtt' in version `normal'
(Font)                  OT1/lmtt/m/n --> TU/DejaVuSansMono(1)/m/n on input line
 29.
LaTeX Font Info:    Overwriting math alphabet `\mathtt' in version `bold'
(Font)                  OT1/lmtt/m/n --> TU/DejaVuSansMono(1)/b/n on input line
 29.

Package fontspec Info: Latin Modern Math scale = 0.9999967668407183.


Package fontspec Info: Could not resolve font "Latin Modern Math/B" (it
(fontspec)             probably doesn't exist).


Package fontspec Info: Latin Modern Math scale = 0.9999967668407183.


Package fontspec Info: Font family 'LatinModernMath(0)' created for font
(fontspec)             'Latin Modern Math' with options
(fontspec)             [Scale=MatchLowercase,BoldItalicFont={},ItalicFont={},Sm
allCapsFont={},Script=Math].
(fontspec)              
(fontspec)              This font family consists of the following NFSS
(fontspec)             series/shapes:
(fontspec)              
(fontspec)             - 'normal' (m/n) with NFSS spec.:
(fontspec)             <->s*[0.9999967668407183]"Latin Modern
(fontspec)             Math/OT:script=math;language=dflt;"
(fontspec)             - 'small caps'  (m/sc) with NFSS spec.: 

LaTeX Font Info:    Font shape `TU/LatinModernMath(0)/m/n' will be
(Font)              scaled to size 10.95pt on input line 30.

Package fontspec Info: Latin Modern Math scale = 0.9999967668407183.


Package fontspec Info: Could not resolve font "Latin Modern Math/B" (it
(fontspec)             probably doesn't exist).


Package fontspec Info: Latin Modern Math scale = 0.9999967668407183.


Package fontspec Info: Latin Modern Math scale = 0.9999967668407183.


Package fontspec Info: Latin Modern Math scale = 0.9999967668407183.


Package fontspec Info: Font family 'LatinModernMath(1)' created for font
(fontspec)             'Latin Modern Math' with options
(fontspec)             [Scale=MatchLowercase,BoldItalicFont={},ItalicFont={},Sm
allCapsFont={},Script=Math,SizeFeatures={{Size=9.3075-},{Size=6.57-9.3075,Font=
Latin
(fontspec)             Modern Math,Style=MathScript},{Size=-6.57,Font=Latin
(fontspec)             Modern Math,Style=MathScriptScript}}].
(fontspec)              
(fontspec)              This font family consists of the following NFSS
(fontspec)             series/shapes:
(fontspec)              
(fontspec)             - 'normal' (m/n) with NFSS spec.:
(fontspec)             <9.3075->s*[0.9999967668407183]"Latin Modern
(fontspec)             Math/OT:script=math;language=dflt;"<6.57-9.3075>s*[0.999
9967668407183]"Latin
(fontspec)             Modern
(fontspec)             Math/OT:script=math;language=dflt;+ssty=0;"<-6.57>s*[0.9
999967668407183]"Latin
(fontspec)             Modern Math/OT:script=math;language=dflt;+ssty=1;"
(fontspec)             - 'small caps'  (m/sc) with NFSS spec.: 

LaTeX Font Info:    Font shape `TU/LatinModernMath(1)/m/n' will be
(Font)              scaled to size 10.95pt on input line 30.
LaTeX Font Info:    Encoding `OT1' has changed to `TU' for symbol font
(Font)              `operators' in the math version `normal' on input line 30.
LaTeX Font Info:    Overwriting symbol font `operators' in version `normal'
(Font)                  OT1/lmr/m/n --> TU/LatinModernMath(1)/m/n on input line
 30.
LaTeX Font Info:    Encoding `OT1' has changed to `TU' for symbol font
(Font)              `operators' in the math version `bold' on input line 30.
LaTeX Font Info:    Overwriting symbol font `operators' in version `bold'
(Font)                  OT1/lmr/bx/n --> TU/LatinModernMath(1)/b/n on input lin
e 30.

Package fontspec Info: Latin Modern Math scale = 0.9999967668407183.


Package fontspec Info: Latin Modern Math scale = 1.000096766517402.


Package fontspec Info: Could not resolve font "Latin Modern Math/B" (it
(fontspec)             probably doesn't exist).


Package fontspec Info: Latin Modern Math scale = 0.9999967668407183.


Package fontspec Info: Latin Modern Math scale = 1.000096766517402.


Package fontspec Info: Latin Modern Math scale = 0.9999967668407183.


Package fontspec Info: Latin Modern Math scale = 1.000096766517402.


Package fontspec Info: Latin Modern Math scale = 0.9999967668407183.


Package fontspec Info: Latin Modern Math scale = 1.000096766517402.


Package fontspec Info: Font family 'LatinModernMath(2)' created for font
(fontspec)             'Latin Modern Math' with options
(fontspec)             [Scale=MatchLowercase,BoldItalicFont={},ItalicFont={},Sm
allCapsFont={},Script=Math,SizeFeatures={{Size=9.3075-},{Size=6.57-9.3075,Font=
Latin
(fontspec)             Modern Math,Style=MathScript},{Size=-6.57,Font=Latin
(fontspec)             Modern
(fontspec)             Math,Style=MathScriptScript}},ScaleAgain=1.0001,FontAdju
stment={\fontdimen
(fontspec)             8\font =7.41315pt\relax \fontdimen 9\font
(fontspec)             =4.3143pt\relax \fontdimen 10\font =4.8618pt\relax
(fontspec)             \fontdimen 11\font =7.5117pt\relax \fontdimen 12\font
(fontspec)             =3.77776pt\relax \fontdimen 13\font =3.97485pt\relax
(fontspec)             \fontdimen 14\font =3.97485pt\relax \fontdimen 15\font
(fontspec)             =3.16455pt\relax \fontdimen 16\font =2.70465pt\relax
(fontspec)             \fontdimen 17\font =2.70465pt\relax \fontdimen 18\font
(fontspec)             =2.7375pt\relax \fontdimen 19\font =2.19pt\relax
(fontspec)             \fontdimen 22\font =2.7375pt\relax \fontdimen 20\font
(fontspec)             =0pt\relax \fontdimen 21\font =0pt\relax }].
(fontspec)              
(fontspec)              This font family consists of the following NFSS
(fontspec)             series/shapes:
(fontspec)              
(fontspec)             - 'normal' (m/n) with NFSS spec.:
(fontspec)             <9.3075->s*[1.000096766517402]"Latin Modern
(fontspec)             Math/OT:script=math;language=dflt;"<6.57-9.3075>s*[1.000
096766517402]"Latin
(fontspec)             Modern
(fontspec)             Math/OT:script=math;language=dflt;+ssty=0;"<-6.57>s*[1.0
00096766517402]"Latin
(fontspec)             Modern Math/OT:script=math;language=dflt;+ssty=1;"
(fontspec)             - 'small caps'  (m/sc) with NFSS spec.: 
(fontspec)             and font adjustment code:
(fontspec)             \fontdimen 8\font =7.41315pt\relax \fontdimen 9\font
(fontspec)             =4.3143pt\relax \fontdimen 10\font =4.8618pt\relax
(fontspec)             \fontdimen 11\font =7.5117pt\relax \fontdimen 12\font
(fontspec)             =3.77776pt\relax \fontdimen 13\font =3.97485pt\relax
(fontspec)             \fontdimen 14\font =3.97485pt\relax \fontdimen 15\font
(fontspec)             =3.16455pt\relax \fontdimen 16\font =2.70465pt\relax
(fontspec)             \fontdimen 17\font =2.70465pt\relax \fontdimen 18\font
(fontspec)             =2.7375pt\relax \fontdimen 19\font =2.19pt\relax
(fontspec)             \fontdimen 22\font =2.7375pt\relax \fontdimen 20\font
(fontspec)             =0pt\relax \fontdimen 21\font =0pt\relax 

LaTeX Font Info:    Encoding `OMS' has changed to `TU' for symbol font
(Font)              `symbols' in the math version `normal' on input line 30.
LaTeX Font Info:    Overwriting symbol font `symbols' in version `normal'
(Font)                  OMS/lmsy/m/n --> TU/LatinModernMath(2)/m/n on input lin
e 30.
LaTeX Font Info:    Encoding `OMS' has changed to `TU' for symbol font
(Font)              `symbols' in the math version `bold' on input line 30.
LaTeX Font Info:    Overwriting symbol font `symbols' in version `bold'
(Font)                  OMS/lmsy/b/n --> TU/LatinModernMath(2)/b/n on input lin
e 30.

Package fontspec Info: Latin Modern Math scale = 0.9999967668407183.


Package fontspec Info: Latin Modern Math scale = 0.9998967671640342.


Package fontspec Info: Could not resolve font "Latin Modern Math/B" (it
(fontspec)             probably doesn't exist).


Package fontspec Info: Latin Modern Math scale = 0.9999967668407183.


Package fontspec Info: Latin Modern Math scale = 0.9998967671640342.


Package fontspec Info: Latin Modern Math scale = 0.9999967668407183.


Package fontspec Info: Latin Modern Math scale = 0.9998967671640342.


Package fontspec Info: Latin Modern Math scale = 0.9999967668407183.


Package fontspec Info: Latin Modern Math scale = 0.9998967671640342.


Package fontspec Info: Font family 'LatinModernMath(3)' created for font
(fontspec)             'Latin Modern Math' with options
(fontspec)             [Scale=MatchLowercase,BoldItalicFont={},ItalicFont={},Sm
allCapsFont={},Script=Math,SizeFeatures={{Size=9.3075-},{Size=6.57-9.3075,Font=
Latin
(fontspec)             Modern Math,Style=MathScript},{Size=-6.57,Font=Latin
(fontspec)             Modern
(fontspec)             Math,Style=MathScriptScript}},ScaleAgain=0.9999,FontAdju
stment={\fontdimen
(fontspec)             8\font =0.438pt\relax \fontdimen 9\font =2.19pt\relax
(fontspec)             \fontdimen 10\font =1.82864pt\relax \fontdimen 11\font
(fontspec)             =1.21545pt\relax \fontdimen 12\font =6.56999pt\relax
(fontspec)             \fontdimen 13\font =0pt\relax }].
(fontspec)              
(fontspec)              This font family consists of the following NFSS
(fontspec)             series/shapes:
(fontspec)              
(fontspec)             - 'normal' (m/n) with NFSS spec.:
(fontspec)             <9.3075->s*[0.9998967671640342]"Latin Modern
(fontspec)             Math/OT:script=math;language=dflt;"<6.57-9.3075>s*[0.999
8967671640342]"Latin
(fontspec)             Modern
(fontspec)             Math/OT:script=math;language=dflt;+ssty=0;"<-6.57>s*[0.9
998967671640342]"Latin
(fontspec)             Modern Math/OT:script=math;language=dflt;+ssty=1;"
(fontspec)             - 'small caps'  (m/sc) with NFSS spec.: 
(fontspec)             and font adjustment code:
(fontspec)             \fontdimen 8\font =0.438pt\relax \fontdimen 9\font
(fontspec)             =2.19pt\relax \fontdimen 10\font =1.82864pt\relax
(fontspec)             \fontdimen 11\font =1.21545pt\relax \fontdimen 12\font
(fontspec)             =6.56999pt\relax \fontdimen 13\font =0pt\relax 

LaTeX Font Info:    Encoding `OMX' has changed to `TU' for symbol font
(Font)              `largesymbols' in the math version `normal' on input line 3
0.
LaTeX Font Info:    Overwriting symbol font `largesymbols' in version `normal'
(Font)                  OMX/lmex/m/n --> TU/LatinModernMath(3)/m/n on input lin
e 30.
LaTeX Font Info:    Encoding `OMX' has changed to `TU' for symbol font
(Font)              `largesymbols' in the math version `bold' on input line 30.

LaTeX Font Info:    Overwriting symbol font `largesymbols' in version `bold'
(Font)                  OMX/lmex/m/n --> TU/LatinModernMath(3)/b/n on input lin
e 30.

(/publication/work/publication/extra/upquote/upquote.sty
Package: upquote 2012/04/19 v1.3 upright-quote and grave-accent glyphs in verba
tim

(/usr/share/texlive/texmf-dist/tex/latex/base/textcomp.sty
Package: textcomp 2020/02/02 v2.0n Standard LaTeX package
))
(/usr/share/texlive/texmf-dist/tex/latex/microtype/microtype.sty
Package: microtype 2023/03/13 v3.1a Micro-typographical refinements (RS)

(/usr/share/texlive/texmf-dist/tex/latex/graphics/keyval.sty
Package: keyval 2022/05/29 v1.15 key=value parser (DPC)
\KV@toks@=\toks22
)
(/usr/share/texlive/texmf-dist/tex/latex/etoolbox/etoolbox.sty
Package: etoolbox 2020/10/05 v2.5k e-TeX tools for LaTeX (JAW)
\etb@tempcnta=\count294
)
\MT@toks=\toks23
\MT@tempbox=\box56
\MT@count=\count295
LaTeX Info: Redefining \noprotrusionifhmode on input line 1059.
LaTeX Info: Redefining \leftprotrusion on input line 1060.
\MT@prot@toks=\toks24
LaTeX Info: Redefining \rightprotrusion on input line 1078.
LaTeX Info: Redefining \textls on input line 1368.
\MT@outer@kern=\dimen153
LaTeX Info: Redefining \textmicrotypecontext on input line 1988.
\MT@listname@count=\count296

(/usr/share/texlive/texmf-dist/tex/latex/microtype/microtype-xetex.def
File: microtype-xetex.def 2023/03/13 v3.1a Definitions specific to xetex (RS)
LaTeX Info: Redefining \lsstyle on input line 238.
)
Package microtype Info: Loading configuration file microtype.cfg.

(/usr/share/texlive/texmf-dist/tex/latex/microtype/microtype.cfg
File: microtype.cfg 2023/03/13 v3.1a microtype main configuration file (RS)
))
(/usr/share/texlive/texmf-dist/tex/latex/parskip/parskip.sty
Package: parskip 2021-03-14 v2.0h non-zero parskip adjustments

(/usr/share/texlive/texmf-dist/tex/latex/kvoptions/kvoptions.sty
Package: kvoptions 2022-06-15 v3.15 Key value format for package options (HO)

(/usr/share/texlive/texmf-dist/tex/generic/ltxcmds/ltxcmds.sty
Package: ltxcmds 2023-12-04 v1.26 LaTeX kernel commands for general use (HO)
)
(/usr/share/texlive/texmf-dist/tex/latex/kvsetkeys/kvsetkeys.sty
Package: kvsetkeys 2022-10-05 v1.19 Key value parser (HO)
)))
(/usr/share/texlive/texmf-dist/tex/latex/xcolor/xcolor.sty
Package: xcolor 2023/11/15 v3.01 LaTeX color extensions (UK)

(/usr/share/texlive/texmf-dist/tex/latex/graphics-cfg/color.cfg
File: color.cfg 2016/01/02 v1.6 sample color configuration
)
Package xcolor Info: Driver file: xetex.def on input line 274.

(/usr/share/texlive/texmf-dist/tex/latex/graphics-def/xetex.def
File: xetex.def 2022/09/22 v5.0n Graphics/color driver for xetex
)
(/usr/share/texlive/texmf-dist/tex/latex/graphics/mathcolor.ltx)
Package xcolor Info: Model `cmy' substituted by `cmy0' on input line 1350.
Package xcolor Info: Model `RGB' extended on input line 1366.
Package xcolor Info: Model `HTML' substituted by `rgb' on input line 1368.
Package xcolor Info: Model `Hsb' substituted by `hsb' on input line 1369.
Package xcolor Info: Model `tHsb' substituted by `hsb' on input line 1370.
Package xcolor Info: Model `HSB' substituted by `hsb' on input line 1371.
Package xcolor Info: Model `Gray' substituted by `gray' on input line 1372.
Package xcolor Info: Model `wave' substituted by `hsb' on input line 1373.
)
(/usr/share/texlive/texmf-dist/tex/latex/pdfmanagement-testphase/xcolor-patches
-tmp-ltx.sty
Package: xcolor-patches-tmp-ltx 2023-12-09 v0.96d patch xcolor for l3color
) (/usr/share/texlive/texmf-dist/tex/latex/geometry/geometry.sty
Package: geometry 2020/01/02 v5.9 Page Geometry

(/usr/share/texlive/texmf-dist/tex/generic/iftex/ifvtex.sty
Package: ifvtex 2019/10/25 v1.7 ifvtex legacy package. Use iftex instead.
)
\Gm@cnth=\count297
\Gm@cntv=\count298
\c@Gm@tempcnt=\count299
\Gm@bindingoffset=\dimen154
\Gm@wd@mp=\dimen155
\Gm@odd@mp=\dimen156
\Gm@even@mp=\dimen157
\Gm@layoutwidth=\dimen158
\Gm@layoutheight=\dimen159
\Gm@layouthoffset=\dimen160
\Gm@layoutvoffset=\dimen161
\Gm@dimlist=\toks25
)
(/usr/share/texlive/texmf-dist/tex/latex/fancyvrb/fancyvrb.sty
Package: fancyvrb 2024/01/20 4.5c verbatim text (tvz,hv)
\FV@CodeLineNo=\count300
\FV@InFile=\read2
\FV@TabBox=\box57
\c@FancyVerbLine=\count301
\FV@StepNumber=\count302
\FV@OutFile=\write3
)
(/usr/share/texlive/texmf-dist/tex/latex/tools/longtable.sty
Package: longtable 2023-11-01 v4.19 Multi-page Table package (DPC)
\LTleft=\skip53
\LTright=\skip54
\LTpre=\skip55
\LTpost=\skip56
\LTchunksize=\count303
\LTcapwidth=\dimen162
\LT@head=\box58
\LT@firsthead=\box59
\LT@foot=\box60
\LT@lastfoot=\box61
\LT@gbox=\box62
\LT@cols=\count304
\LT@rows=\count305
\c@LT@tables=\count306
\c@LT@chunks=\count307
\LT@p@ftn=\toks26
)
(/usr/share/texlive/texmf-dist/tex/latex/booktabs/booktabs.sty
Package: booktabs 2020/01/12 v1.61803398 Publication quality tables
\heavyrulewidth=\dimen163
\lightrulewidth=\dimen164
\cmidrulewidth=\dimen165
\belowrulesep=\dimen166
\belowbottomsep=\dimen167
\aboverulesep=\dimen168
\abovetopsep=\dimen169
\cmidrulesep=\dimen170
\cmidrulekern=\dimen171
\defaultaddspace=\dimen172
\@cmidla=\count308
\@cmidlb=\count309
\@aboverulesep=\dimen173
\@belowrulesep=\dimen174
\@thisruleclass=\count310
\@lastruleclass=\count311
\@thisrulewidth=\dimen175
)
(/usr/share/texlive/texmf-dist/tex/latex/tools/array.sty
Package: array 2023/10/16 v2.5g Tabular extension package (FMi)
\col@sep=\dimen176
\ar@mcellbox=\box63
\extrarowheight=\dimen177
\NC@list=\toks27
\extratabsurround=\skip57
\backup@length=\skip58
\ar@cellbox=\box64
)
(/usr/share/texlive/texmf-dist/tex/latex/tools/calc.sty
Package: calc 2023/07/08 v4.3 Infix arithmetic (KKT,FJ)
\calc@Acount=\count312
\calc@Bcount=\count313
\calc@Adimen=\dimen178
\calc@Bdimen=\dimen179
\calc@Askip=\skip59
\calc@Bskip=\skip60
LaTeX Info: Redefining \setlength on input line 80.
LaTeX Info: Redefining \addtolength on input line 81.
\calc@Ccount=\count314
\calc@Cskip=\skip61
)
(/usr/share/texlive/texmf-dist/tex/latex/footnotehyper/footnotehyper.sty
Package: footnotehyper 2021/08/13 v1.1e hyperref aware footnote.sty (JFB)
\FNH@notes=\box65
\FNH@width=\dimen180
\FNH@toks=\toks28
)
(/usr/share/texlive/texmf-dist/tex/latex/graphics/graphicx.sty
Package: graphicx 2021/09/16 v1.2d Enhanced LaTeX Graphics (DPC,SPQR)

(/usr/share/texlive/texmf-dist/tex/latex/graphics/graphics.sty
Package: graphics 2022/03/10 v1.4e Standard LaTeX Graphics (DPC,SPQR)

(/usr/share/texlive/texmf-dist/tex/latex/graphics/trig.sty
Package: trig 2021/08/11 v1.11 sin cos tan (DPC)
)
(/usr/share/texlive/texmf-dist/tex/latex/graphics-cfg/graphics.cfg
File: graphics.cfg 2016/06/04 v1.11 sample graphics configuration
)
Package graphics Info: Driver file: xetex.def on input line 107.
)
\Gin@req@height=\dimen181
\Gin@req@width=\dimen182
)
(/usr/share/texlive/texmf-dist/tex/generic/babel/babel.sty
Package: babel 2024/01/07 v24.1 The Babel package
\babel@savecnt=\count315
\U@D=\dimen183
\l@unhyphenated=\language5

(/usr/share/texlive/texmf-dist/tex/generic/babel/xebabel.def)
\bbl@readstream=\read3
\bbl@dirlevel=\count316
Package babel Info: You haven't specified a language as a class or package
(babel)             option. I'll load 'nil'. Reported on input line 4342.

(/usr/share/texlive/texmf-dist/tex/generic/babel/nil.ldf
Language: nil 2024/01/07 v24.1 Nil language
\l@nil=\language6
))
\everypar=\toks29

(/usr/share/texlive/texmf-dist/tex/generic/babel/locale/en/babel-american.tex)
Package babel Info: Importing data for american
(babel)             from babel-en-US.ini. Reported on input line 119.

Package fontspec Info: Latin Modern Roman scale = 0.9999967668407183.


Package fontspec Info: Latin Modern Roman scale = 0.9999967668407183.


Package fontspec Info: Latin Modern Roman/B scale = 0.9707178366978005.


Package fontspec Info: Latin Modern Roman/I scale = 0.9999967668407183.


Package fontspec Info: Latin Modern Roman/BI scale = 0.9707178366978005.


Package fontspec Info: Font family 'LatinModernRoman(2)' created for font
(fontspec)             'Latin Modern Roman' with options
(fontspec)             [Scale=MatchLowercase,Ligatures=TeX,Scale=1,Script=Latin
,Language=American
(fontspec)             English].
(fontspec)              
(fontspec)              This font family consists of the following NFSS
(fontspec)             series/shapes:
(fontspec)              
(fontspec)             - 'normal' (m/n) with NFSS spec.: <->s*[1]"Latin Modern
(fontspec)             Roman/OT:script=latn;language=dflt;mapping=tex-text;"
(fontspec)             - 'small caps'  (m/sc) with NFSS spec.: 
(fontspec)             - 'bold' (b/n) with NFSS spec.: <->s*[1]"Latin Modern
(fontspec)             Roman/B/OT:script=latn;language=dflt;mapping=tex-text;"
(fontspec)             - 'bold small caps'  (b/sc) with NFSS spec.: 
(fontspec)             - 'italic' (m/it) with NFSS spec.: <->s*[1]"Latin
(fontspec)             Modern
(fontspec)             Roman/I/OT:script=latn;language=dflt;mapping=tex-text;"
(fontspec)             - 'italic small caps'  (m/scit) with NFSS spec.: 
(fontspec)             - 'bold italic' (b/it) with NFSS spec.: <->s*[1]"Latin
(fontspec)             Modern
(fontspec)             Roman/BI/OT:script=latn;language=dflt;mapping=tex-text;"

(fontspec)             - 'bold italic small caps'  (b/scit) with NFSS spec.: 

LaTeX Font Info:    Font shape `TU/LatinModernRoman(2)/m/n' will be
(Font)              scaled to size 10.95pt on input line 122.
Font mapping `tex-text.tec' for font `Latin Modern Roman 10 Regular' not found.

(/usr/share/texlive/texmf-dist/tex/latex/bookmark/bookmark.sty
Package: bookmark 2023-12-10 v1.31 PDF bookmarks (HO)

(/usr/share/texlive/texmf-dist/tex/latex/hyperref/hyperref.sty
Package: hyperref 2024-01-20 v7.01h Hypertext links for LaTeX

(/usr/share/texlive/texmf-dist/tex/generic/kvdefinekeys/kvdefinekeys.sty
Package: kvdefinekeys 2019-12-19 v1.6 Define keys (HO)
)
(/usr/share/texlive/texmf-dist/tex/generic/pdfescape/pdfescape.sty
Package: pdfescape 2019/12/09 v1.15 Implements pdfTeX's escape features (HO)

(/usr/share/texlive/texmf-dist/tex/generic/pdftexcmds/pdftexcmds.sty
Package: pdftexcmds 2020-06-27 v0.33 Utility functions of pdfTeX for LuaTeX (HO
)

(/usr/share/texlive/texmf-dist/tex/generic/infwarerr/infwarerr.sty
Package: infwarerr 2019/12/03 v1.5 Providing info/warning/error messages (HO)
)
Package pdftexcmds Info: \pdf@primitive is available.
Package pdftexcmds Info: \pdf@ifprimitive is available.
Package pdftexcmds Info: \pdfdraftmode not found.
))
(/usr/share/texlive/texmf-dist/tex/latex/hycolor/hycolor.sty
Package: hycolor 2020-01-27 v1.10 Color options for hyperref/bookmark (HO)
)
(/usr/share/texlive/texmf-dist/tex/latex/auxhook/auxhook.sty
Package: auxhook 2019-12-17 v1.6 Hooks for auxiliary files (HO)
)
(/usr/share/texlive/texmf-dist/tex/latex/hyperref/nameref.sty
Package: nameref 2023-11-26 v2.56 Cross-referencing by name of section

(/usr/share/texlive/texmf-dist/tex/latex/refcount/refcount.sty
Package: refcount 2019/12/15 v3.6 Data extraction from label references (HO)
)
(/usr/share/texlive/texmf-dist/tex/generic/gettitlestring/gettitlestring.sty
Package: gettitlestring 2019/12/15 v1.6 Cleanup title references (HO)
)
\c@section@level=\count317
)
\@linkdim=\dimen184
\Hy@linkcounter=\count318
\Hy@pagecounter=\count319

(/usr/share/texlive/texmf-dist/tex/latex/hyperref/pd1enc.def
File: pd1enc.def 2024-01-20 v7.01h Hyperref: PDFDocEncoding definition (HO)
)
(/usr/share/texlive/texmf-dist/tex/generic/intcalc/intcalc.sty
Package: intcalc 2019/12/15 v1.3 Expandable calculations with integers (HO)
)
\Hy@SavedSpaceFactor=\count320

(/usr/share/texlive/texmf-dist/tex/latex/hyperref/puenc.def
File: puenc.def 2024-01-20 v7.01h Hyperref: PDF Unicode definition (HO)
)
Package hyperref Info: Option `unicode' set `true' on input line 4062.
Package hyperref Info: Hyper figures OFF on input line 4179.
Package hyperref Info: Link nesting OFF on input line 4184.
Package hyperref Info: Hyper index ON on input line 4187.
Package hyperref Info: Plain pages OFF on input line 4194.
Package hyperref Info: Backreferencing OFF on input line 4199.
Package hyperref Info: Implicit mode ON; LaTeX internals redefined.
Package hyperref Info: Bookmarks ON on input line 4446.
\c@Hy@tempcnt=\count321

(/usr/share/texlive/texmf-dist/tex/latex/url/url.sty
\Urlmuskip=\muskip18
Package: url 2013/09/16  ver 3.4  Verb mode for urls, etc.
)
LaTeX Info: Redefining \url on input line 4784.
\XeTeXLinkMargin=\dimen185

(/usr/share/texlive/texmf-dist/tex/generic/bitset/bitset.sty
Package: bitset 2019/12/09 v1.3 Handle bit-vector datatype (HO)

(/usr/share/texlive/texmf-dist/tex/generic/bigintcalc/bigintcalc.sty
Package: bigintcalc 2019/12/15 v1.5 Expandable calculations on big integers (HO
)
))
\Fld@menulength=\count322
\Field@Width=\dimen186
\Fld@charsize=\dimen187
Package hyperref Info: Hyper figures OFF on input line 6063.
Package hyperref Info: Link nesting OFF on input line 6068.
Package hyperref Info: Hyper index ON on input line 6071.
Package hyperref Info: backreferencing OFF on input line 6078.
Package hyperref Info: Link coloring OFF on input line 6083.
Package hyperref Info: Link coloring with OCG OFF on input line 6088.
Package hyperref Info: PDF/A mode OFF on input line 6093.

(/usr/share/texlive/texmf-dist/tex/latex/base/atbegshi-ltx.sty
Package: atbegshi-ltx 2021/01/10 v1.0c Emulation of the original atbegshi
package with kernel methods
)
\Hy@abspage=\count323
\c@Item=\count324
\c@Hfootnote=\count325
)
Package hyperref Info: Driver (custom): hgeneric-testphase.

(/usr/share/texlive/texmf-dist/tex/latex/pdfmanagement-testphase/hgeneric-testp
hase.def
File: hgeneric-testphase.def 2023-12-09 v0.96d generic Hyperref driver for the 
LaTeX PDF management testphase bundle

(/usr/share/texlive/texmf-dist/tex/latex/pdfmanagement-testphase/hyperref-color
schemes.def)
LaTeX Info: Redefining \href on input line 275.
LaTeX Info: Redefining \url on input line 361.
\l__hyp_tmpa_box=\box66
\l__hyp_tmpa_int=\count326
\l__hyp_dest_box=\box67
\g__hyp_linknestlevel_int=\count327
\HyAnn@Count=\count328
\Fld@listcount=\count329
\Hy@SectionHShift=\skip62
LaTeX Info: Redefining \Hy__hypSectionAnchor on input line 3513.
) (/usr/share/texlive/texmf-dist/tex/latex/bookmark/bkm-dvipdfm.def
File: bkm-dvipdfm.def 2023-12-10 v1.31 bookmark driver for dvipdfm (HO)
\BKM@id=\count330
))
(/publication/work/publication/extra/xurl/xurl.sty
Package: xurl 2022/01/09 v 0.10 modify URL breaks
)
(/publication/work/publication/extra/tagpdf/tagpdf.sty
Package: tagpdf 2024-02-04 v0.98v  A package to experiment with pdf tagging 
\l__tag_tmpa_int=\count331
\l__tag_tmpa_box=\box68
\l__tag_tmpb_box=\box69
\l__tag_loglevel_int=\count332
\l__tag_tag_stop_int=\count333

(/publication/work/publication/extra/tagpdf/tagpdf-mc-code-generic.sty
Package: tagpdf-mc-code-generic 2024-02-04 v0.98v part of tagpdf - code related
 to marking chunks - generic mode
\g__tag_mc_marks=\marks4
)
\g__tag_tree_id_pad_int=\count334
\c@g__tag_parenttree_obj_int=\count335

Package tagpdf Info: reading namespace definitions tagpdf-ns-pdf.def


Package tagpdf Info: reading namespace definitions tagpdf-ns-pdf2.def


Package tagpdf Info: reading namespace definitions tagpdf-ns-mathml.def


Package tagpdf Info: reading namespace definitions tagpdf-ns-latex-book.def


Package tagpdf Info: reading namespace definitions tagpdf-ns-latex.def


Package tagpdf Info: reading namespace definitions tagpdf-ns-latex-lab.def


Package tagpdf Info: reading namespace definitions tagpdf-ns-pdf.def


Package tagpdf Info: reading namespace definitions tagpdf-ns-pdf2.def

\g__tag_struct_AFobj_int=\count336
\g__tag_para_begin_int=\count337
\g__tag_para_end_int=\count338
\g__tag_para_main_begin_int=\count339
\g__tag_para_main_end_int=\count340

(/usr/share/texlive/texmf-dist/tex/latex/latex-lab/latex-lab-testphase-new-or-1
.sty
Package: latex-lab-testphase-new-or-1 2023-07-20 v0.85a Temporary output patche
s for tagging and better link support

Patching header in \@outputpage
Patching footer in \@outputpage
Patching \@makecol for tagging
Patching \@makecol for tagging
)) (/usr/share/texlive/texmf-dist/tex/latex/fancyhdr/fancyhdr.sty
Package: fancyhdr 2022/11/09 v4.1 Extensive control of page headers and footers

\f@nch@headwidth=\skip63
\f@nch@O@elh=\skip64
\f@nch@O@erh=\skip65
\f@nch@O@olh=\skip66
\f@nch@O@orh=\skip67
\f@nch@O@elf=\skip68
\f@nch@O@erf=\skip69
\f@nch@O@olf=\skip70
\f@nch@O@orf=\skip71
)
(/usr/share/texlive/texmf-dist/tex/latex/caption/caption.sty
Package: caption 2023/08/05 v3.6o Customizing captions (AR)

(/usr/share/texlive/texmf-dist/tex/latex/caption/caption3.sty
Package: caption3 2023/07/31 v2.4d caption3 kernel (AR)
\caption@tempdima=\dimen188
\captionmargin=\dimen189
\caption@leftmargin=\dimen190
\caption@rightmargin=\dimen191
\caption@width=\dimen192
\caption@indent=\dimen193
\caption@parindent=\dimen194
\caption@hangindent=\dimen195
Package caption Info: Standard document class detected.
)
\c@caption@flags=\count341
\c@continuedfloat=\count342
Package caption Info: hyperref package is loaded.
Package caption Info: longtable package is loaded.

(/usr/share/texlive/texmf-dist/tex/latex/caption/ltcaption.sty
Package: ltcaption 2021/01/08 v1.4c longtable captions (AR)
))
(/usr/share/texlive/texmf-dist/tex/latex/float/float.sty
Package: float 2001/11/08 v1.3d Float enhancements (AL)
\c@float@type=\count343
\float@exts=\toks30
\float@box=\box70
\@float@everytoks=\toks31
\@floatcapt=\box71
)
(/publication/work/publication/extra/needspace/needspace.sty
Package: needspace 2010/09/12 v1.3d reserve vertical space
)
\disclosurelinebox=\box72

(/publication/work/tmp/work-area-2/input.aux
Font mapping `tex-text.tec' for font `[lmsans10-regular]:mapping=tex-text;' not
 found.
LaTeX Font Info:    Font shape `TU/DejaVuSansMono(0)/m/n' will be
(Font)              scaled to size 8.62987pt on input line 3.


Package babel Info: The following font families will use the default
(babel)             settings for all or some languages:
(babel)             * \sffamily = lmss
(babel)               "[lmsans10-regular]:mapping=tex-text;" at 10.95pt
(babel)             * \ttfamily = DejaVuSansMono(0)
(babel)               "DejaVu Sans Mono/OT:script=latn;language=dflt;" at 8.629
87pt
(babel)             There is nothing intrinsically wrong with it, but
(babel)             'babel' will no set Script and Language, which could
(babel)             be relevant in some languages. If your document uses
(babel)             these families, consider redefining them with \babelfont.
(babel)             Reported on input line 3.

)
\openout1 = `input.aux'.

LaTeX Font Info:    Checking defaults for OML/cmm/m/it on input line 245.
LaTeX Font Info:    ... okay on input line 245.
LaTeX Font Info:    Checking defaults for OMS/cmsy/m/n on input line 245.
LaTeX Font Info:    ... okay on input line 245.
LaTeX Font Info:    Checking defaults for OT1/cmr/m/n on input line 245.
LaTeX Font Info:    ... okay on input line 245.
LaTeX Font Info:    Checking defaults for T1/cmr/m/n on input line 245.
LaTeX Font Info:    ... okay on input line 245.
LaTeX Font Info:    Checking defaults for TS1/cmr/m/n on input line 245.
LaTeX Font Info:    ... okay on input line 245.
LaTeX Font Info:    Checking defaults for TU/lmr/m/n on input line 245.
LaTeX Font Info:    ... okay on input line 245.
LaTeX Font Info:    Checking defaults for OMX/cmex/m/n on input line 245.
LaTeX Font Info:    ... okay on input line 245.
LaTeX Font Info:    Checking defaults for U/cmr/m/n on input line 245.
LaTeX Font Info:    ... okay on input line 245.
LaTeX Font Info:    Checking defaults for PD1/pdf/m/n on input line 245.
LaTeX Font Info:    ... okay on input line 245.
LaTeX Font Info:    Checking defaults for PU/pdf/m/n on input line 245.
LaTeX Font Info:    ... okay on input line 245.
LaTeX Font Info:    Overwriting math alphabet `\mathsf' in version `normal'
(Font)                  OT1/lmss/m/n --> TU/lmss/m/n on input line 245.
LaTeX Font Info:    Overwriting math alphabet `\mathsf' in version `bold'
(Font)                  OT1/lmss/bx/n --> TU/lmss/b/n on input line 245.
LaTeX Info: Redefining \microtypecontext on input line 245.
Package microtype Info: Applying patch `item' on input line 245.
Package microtype Info: Applying patch `toc' on input line 245.
Package microtype Info: Applying patch `eqnum' on input line 245.
Package microtype Info: Applying patch `footnote' on input line 245.
Package microtype Info: Applying patch `verbatim' on input line 245.
Package microtype Info: Character protrusion enabled (level 2).
Package microtype Info: Using protrusion set `basicmath'.
Package microtype Info: No adjustment of tracking.
Package microtype Info: No adjustment of spacing.
Package microtype Info: No adjustment of kerning.
 (/usr/share/texlive/texmf-dist/tex/latex/microtype/mt-LatinModernRoman.cfg
File: mt-LatinModernRoman.cfg 2021/02/21 v1.1 microtype config. file: Latin Mod
ern Roman (RS)
)
*geometry* driver: auto-detecting
*geometry* detected driver: xetex
*geometry* verbose mode - [ preamble ] result:
* driver: xetex
* paper: <default>
* layout: <same size as paper>
* layoutoffset:(h,v)=(0.0pt,0.0pt)
* modes: 
* h-part:(L,W,R)=(65.04256pt, 484.20988pt, 65.04256pt)
* v-part:(T,H,B)=(65.04256pt, 664.88487pt, 65.04256pt)
* \paperwidth=614.295pt
* \paperheight=794.96999pt
* \textwidth=484.20988pt
* \textheight=664.88487pt
* \oddsidemargin=-7.22743pt
* \evensidemargin=-7.22743pt
* \topmargin=-46.22743pt
* \headheight=14.0pt
* \headsep=25.0pt
* \topskip=11.0pt
* \footskip=30.0pt
* \marginparwidth=59.0pt
* \marginparsep=10.0pt
* \columnsep=10.0pt
* \skip\footins=10.0pt plus 4.0pt minus 2.0pt
* \hoffset=0.0pt
* \voffset=0.0pt
* \mag=1000
* \@twocolumnfalse
* \@twosidefalse
* \@mparswitchfalse
* \@reversemarginfalse
* (1in=72.27pt=25.4mm, 1cm=28.453pt)

Package hyperref Info: Link coloring OFF on input line 245.
Package caption Info: Begin \AtBeginDocument code.
Package caption Info: float package is loaded.
Package caption Info: End \AtBeginDocument code.
LaTeX Font Info:    Font shape `TU/LatinModernRoman(2)/m/n' will be
(Font)              scaled to size 17.28pt on input line 247.
Font mapping `tex-text.tec' for font `Latin Modern Roman 17 Regular' not found.
LaTeX Font Info:    Font shape `TU/LatinModernRoman(2)/m/n' will be
(Font)              scaled to size 12.0pt on input line 247.
Font mapping `tex-text.tec' for font `Latin Modern Roman 12 Regular' not found.
LaTeX Font Info:    Font shape `TU/LatinModernMath(1)/m/n' will be
(Font)              scaled to size 12.0pt on input line 247.
LaTeX Font Info:    Font shape `TU/LatinModernMath(1)/m/n' will be
(Font)              scaled to size 8.0pt on input line 247.
LaTeX Font Info:    Font shape `TU/LatinModernMath(1)/m/n' will be
(Font)              scaled to size 6.0pt on input line 247.
LaTeX Font Info:    Trying to load font information for OML+lmm on input line 2
47.
(/usr/share/texmf/tex/latex/lm/omllmm.fd
File: omllmm.fd 2015/05/01 v1.6.1 Font defs for Latin Modern
)
LaTeX Font Info:    Font shape `TU/LatinModernMath(2)/m/n' will be
(Font)              scaled to size 12.0011pt on input line 247.
LaTeX Font Info:    Font shape `TU/LatinModernMath(2)/m/n' will be
(Font)              scaled to size 8.00073pt on input line 247.
LaTeX Font Info:    Font shape `TU/LatinModernMath(2)/m/n' will be
(Font)              scaled to size 6.00055pt on input line 247.
LaTeX Font Info:    Font shape `TU/LatinModernMath(3)/m/n' will be
(Font)              scaled to size 11.99872pt on input line 247.
LaTeX Font Info:    Font shape `TU/LatinModernMath(3)/m/n' will be
(Font)              scaled to size 7.99915pt on input line 247.
LaTeX Font Info:    Font shape `TU/LatinModernMath(3)/m/n' will be
(Font)              scaled to size 5.99936pt on input line 247.
LaTeX Font Info:    Trying to load font information for U+msa on input line 247
.

(/usr/share/texlive/texmf-dist/tex/latex/amsfonts/umsa.fd
File: umsa.fd 2013/01/14 v3.01 AMS symbols A
)
(/usr/share/texlive/texmf-dist/tex/latex/microtype/mt-msa.cfg
File: mt-msa.cfg 2006/02/04 v1.1 microtype config. file: AMS symbols (a) (RS)
)
LaTeX Font Info:    Trying to load font information for U+msb on input line 247
.

(/usr/share/texlive/texmf-dist/tex/latex/amsfonts/umsb.fd
File: umsb.fd 2013/01/14 v3.01 AMS symbols B
)
(/usr/share/texlive/texmf-dist/tex/latex/microtype/mt-msb.cfg
File: mt-msb.cfg 2005/06/01 v1.0 microtype config. file: AMS symbols (b) (RS)
)
LaTeX Font Info:    Font shape `TU/LatinModernRoman(2)/m/n' will be
(Font)              scaled to size 10.0pt on input line 247.
Font mapping `tex-text.tec' for font `Latin Modern Roman 10 Regular' not found.
LaTeX Font Info:    Font shape `TU/LatinModernRoman(2)/m/n' will be
(Font)              scaled to size 14.4pt on input line 257.
Font mapping `tex-text.tec' for font `Latin Modern Roman 17 Regular' not found.
LaTeX Font Info:    Font shape `TU/LatinModernRoman(2)/b/n' will be
(Font)              scaled to size 14.4pt on input line 257.
Font mapping `tex-text.tec' for font `Latin Modern Roman 12 Bold' not found.
LaTeX Font Info:    Font shape `TU/LatinModernMath(1)/m/n' will be
(Font)              scaled to size 7.665pt on input line 260.
LaTeX Font Info:    Font shape `TU/LatinModernMath(1)/m/n' will be
(Font)              scaled to size 5.475pt on input line 260.
LaTeX Font Info:    Font shape `TU/LatinModernMath(2)/m/n' will be
(Font)              scaled to size 10.95099pt on input line 260.
LaTeX Font Info:    Font shape `TU/LatinModernMath(2)/m/n' will be
(Font)              scaled to size 7.66568pt on input line 260.
LaTeX Font Info:    Font shape `TU/LatinModernMath(2)/m/n' will be
(Font)              scaled to size 5.4755pt on input line 260.
LaTeX Font Info:    Font shape `TU/LatinModernMath(3)/m/n' will be
(Font)              scaled to size 10.94882pt on input line 260.
LaTeX Font Info:    Font shape `TU/LatinModernMath(3)/m/n' will be
(Font)              scaled to size 7.66417pt on input line 260.
LaTeX Font Info:    Font shape `TU/LatinModernMath(3)/m/n' will be
(Font)              scaled to size 5.47441pt on input line 260.
LaTeX Font Info:    Font shape `TU/LatinModernRoman(1)/b/n' will be
(Font)              scaled to size 10.62935pt on input line 260.
LaTeX Font Info:    Font shape `TU/LatinModernRoman(1)/b/n' will be
(Font)              scaled to size 7.44054pt on input line 260.
LaTeX Font Info:    Font shape `TU/LatinModernRoman(1)/b/n' will be
(Font)              scaled to size 5.31468pt on input line 260.
 [1

]
LaTeX Font Info:    Font shape `TU/LatinModernRoman(2)/b/n' will be
(Font)              scaled to size 12.0pt on input line 332.
Font mapping `tex-text.tec' for font `Latin Modern Roman 12 Bold' not found.
LaTeX Font Info:    Font shape `TU/LatinModernRoman(1)/m/n' will be
(Font)              scaled to size 10.95pt on input line 379.
LaTeX Font Info:    Font shape `TU/LatinModernRoman(1)/m/n' will be
(Font)              scaled to size 7.665pt on input line 379.
LaTeX Font Info:    Font shape `TU/LatinModernRoman(1)/m/n' will be
(Font)              scaled to size 5.475pt on input line 379.
 [2] [3]
LaTeX Font Info:    Font shape `TU/LatinModernRoman(2)/b/n' will be
(Font)              scaled to size 10.95pt on input line 448.
Font mapping `tex-text.tec' for font `Latin Modern Roman 10 Bold' not found.


Package tagpdf Warning: Parent-Child 'Document/' --> 'MC (realcontent)'.
(tagpdf)                Relation is not allowed (struct 1, /Document) on line
(tagpdf)                491


Package tagpdf Warning: Parent-Child 'Document/' --> 'MC (realcontent)'.
(tagpdf)                Relation is not allowed (struct 1, /Document) on line
(tagpdf)                493


Package tagpdf Warning: Parent-Child 'Document/' --> 'MC (realcontent)'.
(tagpdf)                Relation is not allowed (struct 1, /Document) on line
(tagpdf)                495


Package tagpdf Warning: Parent-Child 'Document/' --> 'MC (realcontent)'.
(tagpdf)                Relation is not allowed (struct 1, /Document) on line
(tagpdf)                497


Package tagpdf Warning: Parent-Child 'Document/' --> 'MC (realcontent)'.
(tagpdf)                Relation is not allowed (struct 1, /Document) on line
(tagpdf)                499


Package tagpdf Warning: Parent-Child 'Document/' --> 'MC (realcontent)'.
(tagpdf)                Relation is not allowed (struct 1, /Document) on line
(tagpdf)                501


Package tagpdf Warning: Parent-Child 'Document/' --> 'MC (realcontent)'.
(tagpdf)                Relation is not allowed (struct 1, /Document) on line
(tagpdf)                503


Package tagpdf Warning: Parent-Child 'Document/' --> 'MC (realcontent)'.
(tagpdf)                Relation is not allowed (struct 1, /Document) on line
(tagpdf)                505


Package tagpdf Warning: Parent-Child 'Document/' --> 'MC (realcontent)'.
(tagpdf)                Relation is not allowed (struct 1, /Document) on line
(tagpdf)                507


Package tagpdf Warning: Parent-Child 'Document/' --> 'MC (realcontent)'.
(tagpdf)                Relation is not allowed (struct 1, /Document) on line
(tagpdf)                509


Package tagpdf Warning: Parent-Child 'Document/' --> 'MC (realcontent)'.
(tagpdf)                Relation is not allowed (struct 1, /Document) on line
(tagpdf)                512


Package tagpdf Warning: Parent-Child 'Document/' --> 'MC (realcontent)'.
(tagpdf)                Relation is not allowed (struct 1, /Document) on line
(tagpdf)                514


Package tagpdf Warning: Parent-Child 'Document/' --> 'MC (realcontent)'.
(tagpdf)                Relation is not allowed (struct 1, /Document) on line
(tagpdf)                516


Package tagpdf Warning: Parent-Child 'Document/' --> 'MC (realcontent)'.
(tagpdf)                Relation is not allowed (struct 1, /Document) on line
(tagpdf)                518


Package tagpdf Warning: Parent-Child 'Document/' --> 'MC (realcontent)'.
(tagpdf)                Relation is not allowed (struct 1, /Document) on line
(tagpdf)                521


Package tagpdf Warning: Parent-Child 'Document/' --> 'MC (realcontent)'.
(tagpdf)                Relation is not allowed (struct 1, /Document) on line
(tagpdf)                523


Package tagpdf Warning: Parent-Child 'Document/' --> 'MC (realcontent)'.
(tagpdf)                Relation is not allowed (struct 1, /Document) on line
(tagpdf)                524


Package tagpdf Warning: Parent-Child 'Document/' --> 'MC (realcontent)'.
(tagpdf)                Relation is not allowed (struct 1, /Document) on line
(tagpdf)                525


Package tagpdf Warning: Parent-Child 'Document/' --> 'MC (realcontent)'.
(tagpdf)                Relation is not allowed (struct 1, /Document) on line
(tagpdf)                527


Package tagpdf Warning: Parent-Child 'Document/' --> 'MC (realcontent)'.
(tagpdf)                Relation is not allowed (struct 1, /Document) on line
(tagpdf)                529


Package tagpdf Warning: Parent-Child 'Document/' --> 'MC (realcontent)'.
(tagpdf)                Relation is not allowed (struct 1, /Document) on line
(tagpdf)                532


Package tagpdf Warning: Parent-Child 'Document/' --> 'MC (realcontent)'.
(tagpdf)                Relation is not allowed (struct 1, /Document) on line
(tagpdf)                535


Package tagpdf Warning: Parent-Child 'Document/' --> 'MC (realcontent)'.
(tagpdf)                Relation is not allowed (struct 1, /Document) on line
(tagpdf)                537


Package tagpdf Warning: Parent-Child 'Document/' --> 'MC (realcontent)'.
(tagpdf)                Relation is not allowed (struct 1, /Document) on line
(tagpdf)                539


Package tagpdf Warning: Parent-Child 'Document/' --> 'MC (realcontent)'.
(tagpdf)                Relation is not allowed (struct 1, /Document) on line
(tagpdf)                541


Package tagpdf Warning: Parent-Child 'Document/' --> 'MC (realcontent)'.
(tagpdf)                Relation is not allowed (struct 1, /Document) on line
(tagpdf)                543

[4]

Package tagpdf Warning: Parent-Child 'Document/' --> 'MC (realcontent)'.
(tagpdf)                Relation is not allowed (struct 1, /Document) on line
(tagpdf)                606


Package tagpdf Warning: Parent-Child 'Document/' --> 'MC (realcontent)'.
(tagpdf)                Relation is not allowed (struct 1, /Document) on line
(tagpdf)                608


Package tagpdf Warning: Parent-Child 'Document/' --> 'MC (realcontent)'.
(tagpdf)                Relation is not allowed (struct 1, /Document) on line
(tagpdf)                609


Package tagpdf Warning: Parent-Child 'Document/' --> 'MC (realcontent)'.
(tagpdf)                Relation is not allowed (struct 1, /Document) on line
(tagpdf)                611


Package tagpdf Warning: Parent-Child 'Document/' --> 'MC (realcontent)'.
(tagpdf)                Relation is not allowed (struct 1, /Document) on line
(tagpdf)                613


Package tagpdf Warning: Parent-Child 'Document/' --> 'MC (realcontent)'.
(tagpdf)                Relation is not allowed (struct 1, /Document) on line
(tagpdf)                614


Package tagpdf Warning: Parent-Child 'Document/' --> 'MC (realcontent)'.
(tagpdf)                Relation is not allowed (struct 1, /Document) on line
(tagpdf)                616


Package tagpdf Warning: Parent-Child 'Document/' --> 'MC (realcontent)'.
(tagpdf)                Relation is not allowed (struct 1, /Document) on line
(tagpdf)                617


Package tagpdf Warning: Parent-Child 'Document/' --> 'MC (realcontent)'.
(tagpdf)                Relation is not allowed (struct 1, /Document) on line
(tagpdf)                619


Package tagpdf Warning: Parent-Child 'Document/' --> 'MC (realcontent)'.
(tagpdf)                Relation is not allowed (struct 1, /Document) on line
(tagpdf)                621


Package tagpdf Warning: Parent-Child 'Document/' --> 'MC (realcontent)'.
(tagpdf)                Relation is not allowed (struct 1, /Document) on line
(tagpdf)                622


Package tagpdf Warning: Parent-Child 'Document/' --> 'MC (realcontent)'.
(tagpdf)                Relation is not allowed (struct 1, /Document) on line
(tagpdf)                624

[5]
File: /publication/work/tmp/work-area-2/paper/figures/queue_cell.png Graph
ic file (type bmp)
</publication/work/tmp/work-area-2/paper/figures/queue_cell.png>
LaTeX Font Info:    Font shape `TU/LatinModernRoman(2)/b/n' will be
(Font)              scaled to size 10.0pt on input line 687.
Font mapping `tex-text.tec' for font `Latin Modern Roman 10 Bold' not found.


Package tagpdf Warning: Parent-Child 'P/' --> 'text-unit/user'.
(tagpdf)                Relation is not allowed (struct 168, /text --> struct
(tagpdf)                169) on line 687


Package tagpdf Warning: Parent-Child 'P/' --> 'text/user'.
(tagpdf)                Relation is not allowed (struct 169, /text-unit -->
(tagpdf)                struct 170) on line 687


Package tagpdf Warning: nested marked content found - mcid 192


Package tagpdf Warning: there is no mc to end at 193

[6] [7]
LaTeX Font Info:    Font shape `TU/LatinModernRoman(2)/m/n' will be
(Font)              scaled to size 7.665pt on input line 864.
Font mapping `tex-text.tec' for font `Latin Modern Roman 8 Regular' not found.
LaTeX Font Info:    Font shape `TU/LatinModernRoman(2)/m/n' will be
(Font)              scaled to size 5.475pt on input line 864.
Font mapping `tex-text.tec' for font `Latin Modern Roman 5 Regular' not found.
 [8] [9] [10]

Package tagpdf Warning: Parent-Child 'Document/' --> 'MC (realcontent)'.
(tagpdf)                Relation is not allowed (struct 1, /Document) on line
(tagpdf)                1098

[11]
LaTeX Font Info:    Font shape `TU/LatinModernRoman(2)/m/n' will be
(Font)              scaled to size 9.0pt on input line 1123.
Font mapping `tex-text.tec' for font `Latin Modern Roman 9 Regular' not found.
LaTeX Font Info:    Font shape `TU/DejaVuSansMono(0)/m/n' will be
(Font)              scaled to size 7.09305pt on input line 1123.
 [12] [13] [14]
Package microtype Info: Loading generic protrusion settings for font family
(microtype)             `lmss' (encoding: TU).
(microtype)             For optimal results, create family-specific settings.
(microtype)             See the microtype manual for details.
Font mapping `tex-text.tec' for font `[lmsans8-regular]:mapping=tex-text;' not 
found.
Font mapping `tex-text.tec' for font `[lmsans8-regular]:mapping=tex-text;' not 
found.
 [15] [16]

Package tagpdf Warning: Parent-Child 'Document/' --> 'MC (realcontent)'.
(tagpdf)                Relation is not allowed (struct 1, /Document) on line
(tagpdf)                1583


Package tagpdf Warning: Parent-Child 'Document/' --> 'MC (realcontent)'.
(tagpdf)                Relation is not allowed (struct 1, /Document) on line
(tagpdf)                1589


Package tagpdf Warning: Parent-Child 'Document/' --> 'MC (realcontent)'.
(tagpdf)                Relation is not allowed (struct 1, /Document) on line
(tagpdf)                1595

[17] [18]
File: /publication/work/tmp/work-area-2/paper/figures/root_reset_control.p
ng Graphic file (type bmp)
</publication/work/tmp/work-area-2/paper/figures/root_reset_control.png>


Package tagpdf Warning: Parent-Child 'P/' --> 'text-unit/user'.
(tagpdf)                Relation is not allowed (struct 452, /text --> struct
(tagpdf)                453) on line 1681


Package tagpdf Warning: Parent-Child 'P/' --> 'text/user'.
(tagpdf)                Relation is not allowed (struct 453, /text-unit -->
(tagpdf)                struct 454) on line 1681


Package tagpdf Warning: nested marked content found - mcid 449


Package tagpdf Warning: there is no mc to end at 450

[19] [20] [21]
LaTeX Font Info:    Font shape `TU/LatinModernRoman(2)/m/it' will be
(Font)              scaled to size 10.95pt on input line 1790.
Font mapping `tex-text.tec' for font `Latin Modern Roman 10 Italic' not found.
 [22] [23]
File: /publication/work/tmp/work-area-2/paper/figures/root_history_roles.p
ng Graphic file (type bmp)
</publication/work/tmp/work-area-2/paper/figures/root_history_roles.png>


Package tagpdf Warning: Parent-Child 'P/' --> 'text-unit/user'.
(tagpdf)                Relation is not allowed (struct 525, /text --> struct
(tagpdf)                526) on line 2019


Package tagpdf Warning: Parent-Child 'P/' --> 'text/user'.
(tagpdf)                Relation is not allowed (struct 526, /text-unit -->
(tagpdf)                struct 527) on line 2019


Package tagpdf Warning: nested marked content found - mcid 508


Package tagpdf Warning: there is no mc to end at 509

[24] [25] [26] [27] [28] [29] [30] [31] [32] [33] [34] [35] [36]
File: /publication/work/tmp/work-area-2/paper/figures/theorem_dependencies
.png Graphic file (type bmp)
</publication/work/tmp/work-area-2/paper/figures/theorem_dependencies.png>



Package tagpdf Warning: Parent-Child 'P/' --> 'text-unit/user'.
(tagpdf)                Relation is not allowed (struct 696, /text --> struct
(tagpdf)                697) on line 2982


Package tagpdf Warning: Parent-Child 'P/' --> 'text/user'.
(tagpdf)                Relation is not allowed (struct 697, /text-unit -->
(tagpdf)                struct 698) on line 2982


Package tagpdf Warning: nested marked content found - mcid 649


Package tagpdf Warning: there is no mc to end at 650

[37] [38] [39] [40] [41] [42]
File: /publication/work/tmp/work-area-2/paper/figures/simulation_pipeline.
png Graphic file (type bmp)
</publication/work/tmp/work-area-2/paper/figures/simulation_pipeline.png>


Package tagpdf Warning: Parent-Child 'P/' --> 'text-unit/user'.
(tagpdf)                Relation is not allowed (struct 796, /text --> struct
(tagpdf)                797) on line 3336


Package tagpdf Warning: Parent-Child 'P/' --> 'text/user'.
(tagpdf)                Relation is not allowed (struct 797, /text-unit -->
(tagpdf)                struct 798) on line 3336


Package tagpdf Warning: nested marked content found - mcid 738


Package tagpdf Warning: there is no mc to end at 739

[43] [44] [45] [46]

Package tagpdf Warning: Parent-Child 'Document/' --> 'MC (realcontent)'.
(tagpdf)                Relation is not allowed (struct 1, /Document) on line
(tagpdf)                3688


Package tagpdf Warning: Parent-Child 'Document/' --> 'MC (realcontent)'.
(tagpdf)                Relation is not allowed (struct 1, /Document) on line
(tagpdf)                3688


Package tagpdf Warning: Parent-Child 'Document/' --> 'MC (realcontent)'.
(tagpdf)                Relation is not allowed (struct 1, /Document) on line
(tagpdf)                3692


Package tagpdf Warning: Parent-Child 'Document/' --> 'MC (realcontent)'.
(tagpdf)                Relation is not allowed (struct 1, /Document) on line
(tagpdf)                3694


Package tagpdf Warning: Parent-Child 'Document/' --> 'MC (realcontent)'.
(tagpdf)                Relation is not allowed (struct 1, /Document) on line
(tagpdf)                3697


Package tagpdf Warning: Parent-Child 'Document/' --> 'MC (realcontent)'.
(tagpdf)                Relation is not allowed (struct 1, /Document) on line
(tagpdf)                3700


Package tagpdf Warning: Parent-Child 'Document/' --> 'MC (realcontent)'.
(tagpdf)                Relation is not allowed (struct 1, /Document) on line
(tagpdf)                3703


Package tagpdf Warning: Parent-Child 'Document/' --> 'MC (realcontent)'.
(tagpdf)                Relation is not allowed (struct 1, /Document) on line
(tagpdf)                3706


Package tagpdf Warning: Parent-Child 'Document/' --> 'MC (realcontent)'.
(tagpdf)                Relation is not allowed (struct 1, /Document) on line
(tagpdf)                3708


Package tagpdf Warning: Parent-Child 'Document/' --> 'MC (realcontent)'.
(tagpdf)                Relation is not allowed (struct 1, /Document) on line
(tagpdf)                3709


Package tagpdf Warning: Parent-Child 'Document/' --> 'MC (realcontent)'.
(tagpdf)                Relation is not allowed (struct 1, /Document) on line
(tagpdf)                3712


Package tagpdf Warning: Parent-Child 'Document/' --> 'MC (realcontent)'.
(tagpdf)                Relation is not allowed (struct 1, /Document) on line
(tagpdf)                3714


Package tagpdf Warning: Parent-Child 'Document/' --> 'MC (realcontent)'.
(tagpdf)                Relation is not allowed (struct 1, /Document) on line
(tagpdf)                3717


Package tagpdf Warning: Parent-Child 'Document/' --> 'MC (realcontent)'.
(tagpdf)                Relation is not allowed (struct 1, /Document) on line
(tagpdf)                3721


Package tagpdf Warning: Parent-Child 'Document/' --> 'MC (realcontent)'.
(tagpdf)                Relation is not allowed (struct 1, /Document) on line
(tagpdf)                3724


Package tagpdf Warning: Parent-Child 'Document/' --> 'MC (realcontent)'.
(tagpdf)                Relation is not allowed (struct 1, /Document) on line
(tagpdf)                3726


Package tagpdf Warning: Parent-Child 'Document/' --> 'MC (realcontent)'.
(tagpdf)                Relation is not allowed (struct 1, /Document) on line
(tagpdf)                3728

[47] [48] [49] [50] [51] [52] [53] [54] [55] [56] [57] [58] [59] [60] [61]
[62]

Package tagpdf Warning: Parent-Child 'Document/' --> 'MC (realcontent)'.
(tagpdf)                Relation is not allowed (struct 1, /Document) on line
(tagpdf)                4967


Package tagpdf Warning: Parent-Child 'Document/' --> 'MC (realcontent)'.
(tagpdf)                Relation is not allowed (struct 1, /Document) on line
(tagpdf)                4967


Package tagpdf Warning: Parent-Child 'Document/' --> 'MC (realcontent)'.
(tagpdf)                Relation is not allowed (struct 1, /Document) on line
(tagpdf)                4970


Package tagpdf Warning: Parent-Child 'Document/' --> 'MC (realcontent)'.
(tagpdf)                Relation is not allowed (struct 1, /Document) on line
(tagpdf)                4974


Package tagpdf Warning: Parent-Child 'Document/' --> 'MC (realcontent)'.
(tagpdf)                Relation is not allowed (struct 1, /Document) on line
(tagpdf)                4979


Package tagpdf Warning: Parent-Child 'Document/' --> 'MC (realcontent)'.
(tagpdf)                Relation is not allowed (struct 1, /Document) on line
(tagpdf)                4979


Package tagpdf Warning: Parent-Child 'Document/' --> 'MC (realcontent)'.
(tagpdf)                Relation is not allowed (struct 1, /Document) on line
(tagpdf)                4979


Package tagpdf Warning: Parent-Child 'Document/' --> 'MC (realcontent)'.
(tagpdf)                Relation is not allowed (struct 1, /Document) on line
(tagpdf)                4979


Package tagpdf Warning: Parent-Child 'Document/' --> 'MC (realcontent)'.
(tagpdf)                Relation is not allowed (struct 1, /Document) on line
(tagpdf)                4982


Package tagpdf Warning: Parent-Child 'Document/' --> 'MC (realcontent)'.
(tagpdf)                Relation is not allowed (struct 1, /Document) on line
(tagpdf)                4986


Package tagpdf Warning: Parent-Child 'Document/' --> 'MC (realcontent)'.
(tagpdf)                Relation is not allowed (struct 1, /Document) on line
(tagpdf)                4990


Package tagpdf Warning: Parent-Child 'Document/' --> 'MC (realcontent)'.
(tagpdf)                Relation is not allowed (struct 1, /Document) on line
(tagpdf)                4990


Package tagpdf Warning: Parent-Child 'Document/' --> 'MC (realcontent)'.
(tagpdf)                Relation is not allowed (struct 1, /Document) on line
(tagpdf)                4990


Package tagpdf Warning: Parent-Child 'Document/' --> 'MC (realcontent)'.
(tagpdf)                Relation is not allowed (struct 1, /Document) on line
(tagpdf)                4993


Package tagpdf Warning: Parent-Child 'Document/' --> 'MC (realcontent)'.
(tagpdf)                Relation is not allowed (struct 1, /Document) on line
(tagpdf)                4997


Package tagpdf Warning: Parent-Child 'Document/' --> 'MC (realcontent)'.
(tagpdf)                Relation is not allowed (struct 1, /Document) on line
(tagpdf)                5001


Package tagpdf Warning: Parent-Child 'Document/' --> 'MC (realcontent)'.
(tagpdf)                Relation is not allowed (struct 1, /Document) on line
(tagpdf)                5001


Package tagpdf Warning: Parent-Child 'Document/' --> 'MC (realcontent)'.
(tagpdf)                Relation is not allowed (struct 1, /Document) on line
(tagpdf)                5003


Package tagpdf Warning: Parent-Child 'Document/' --> 'MC (realcontent)'.
(tagpdf)                Relation is not allowed (struct 1, /Document) on line
(tagpdf)                5007


Package tagpdf Warning: Parent-Child 'Document/' --> 'MC (realcontent)'.
(tagpdf)                Relation is not allowed (struct 1, /Document) on line
(tagpdf)                5007


Package tagpdf Warning: Parent-Child 'Document/' --> 'MC (realcontent)'.
(tagpdf)                Relation is not allowed (struct 1, /Document) on line
(tagpdf)                5012


Package tagpdf Warning: Parent-Child 'Document/' --> 'MC (realcontent)'.
(tagpdf)                Relation is not allowed (struct 1, /Document) on line
(tagpdf)                5012

[63] [64]

Package tagpdf Warning: Parent-Child 'Document/' --> 'MC (realcontent)'.
(tagpdf)                Relation is not allowed (struct 1, /Document) on line
(tagpdf)                5098


Package tagpdf Warning: Parent-Child 'Document/' --> 'MC (realcontent)'.
(tagpdf)                Relation is not allowed (struct 1, /Document) on line
(tagpdf)                5135


Package tagpdf Warning: Parent-Child 'Document/' --> 'MC (realcontent)'.
(tagpdf)                Relation is not allowed (struct 1, /Document) on line
(tagpdf)                5165

[65] [66]

Package fontspec Info: DejaVu Sans Mono scale = 0.788112595521966.


Package fontspec Info: DejaVu Sans Mono scale = 0.788112595521966.


Package fontspec Info: DejaVu Sans Mono/B scale = 0.788112595521966.


Package fontspec Info: DejaVu Sans Mono/I scale = 0.788112595521966.


Package fontspec Info: DejaVu Sans Mono/BI scale = 0.788112595521966.


Package fontspec Info: Font family 'DejaVuSansMono(2)' created for font
(fontspec)             'DejaVu Sans Mono' with options
(fontspec)             [Scale=MatchLowercase,WordSpace={1,0,0},HyphenChar=None,
PunctuationSpace=WordSpace,Scale=1].
(fontspec)              
(fontspec)              This font family consists of the following NFSS
(fontspec)             series/shapes:
(fontspec)              
(fontspec)             - 'normal' (m/n) with NFSS spec.: <->s*[1]"DejaVu Sans
(fontspec)             Mono/OT:script=latn;language=dflt;"
(fontspec)             - 'small caps'  (m/sc) with NFSS spec.: 
(fontspec)             and font adjustment code:
(fontspec)             \fontdimen 2\font =1\fontdimen 2\font \fontdimen 3\font
(fontspec)             =0\fontdimen 3\font \fontdimen 4\font =0\fontdimen
(fontspec)             4\font \fontdimen 7\font =0\fontdimen 2\font
(fontspec)             \tex_hyphenchar:D \font =-1\scan_stop: 
(fontspec)             - 'bold' (b/n) with NFSS spec.: <->s*[1]"DejaVu Sans
(fontspec)             Mono/B/OT:script=latn;language=dflt;"
(fontspec)             - 'bold small caps'  (b/sc) with NFSS spec.: 
(fontspec)             and font adjustment code:
(fontspec)             \fontdimen 2\font =1\fontdimen 2\font \fontdimen 3\font
(fontspec)             =0\fontdimen 3\font \fontdimen 4\font =0\fontdimen
(fontspec)             4\font \fontdimen 7\font =0\fontdimen 2\font
(fontspec)             \tex_hyphenchar:D \font =-1\scan_stop: 
(fontspec)             - 'italic' (m/it) with NFSS spec.: <->s*[1]"DejaVu Sans
(fontspec)             Mono/I/OT:script=latn;language=dflt;"
(fontspec)             - 'italic small caps'  (m/scit) with NFSS spec.: 
(fontspec)             and font adjustment code:
(fontspec)             \fontdimen 2\font =1\fontdimen 2\font \fontdimen 3\font
(fontspec)             =0\fontdimen 3\font \fontdimen 4\font =0\fontdimen
(fontspec)             4\font \fontdimen 7\font =0\fontdimen 2\font
(fontspec)             \tex_hyphenchar:D \font =-1\scan_stop: 
(fontspec)             - 'bold italic' (b/it) with NFSS spec.: <->s*[1]"DejaVu
(fontspec)             Sans Mono/BI/OT:script=latn;language=dflt;"
(fontspec)             - 'bold italic small caps'  (b/scit) with NFSS spec.: 
(fontspec)             and font adjustment code:
(fontspec)             \fontdimen 2\font =1\fontdimen 2\font \fontdimen 3\font
(fontspec)             =0\fontdimen 3\font \fontdimen 4\font =0\fontdimen
(fontspec)             4\font \fontdimen 7\font =0\fontdimen 2\font
(fontspec)             \tex_hyphenchar:D \font =-1\scan_stop: 

LaTeX Font Info:    Font shape `TU/DejaVuSansMono(2)/m/n' will be
(Font)              scaled to size 10.95pt on input line 5209.
LaTeX Font Info:    Font shape `TU/DejaVuSansMono(2)/m/n' will be
(Font)              scaled to size 9.0pt on input line 5209.
LaTeX Font Info:    Font shape `TU/LatinModernMath(1)/m/n' will be
(Font)              scaled to size 9.0pt on input line 5209.
LaTeX Font Info:    Font shape `TU/LatinModernMath(1)/m/n' will be
(Font)              scaled to size 5.0pt on input line 5209.
LaTeX Font Info:    Font shape `TU/LatinModernRoman(1)/m/n' will be
(Font)              scaled to size 9.0pt on input line 5209.
LaTeX Font Info:    Font shape `TU/LatinModernRoman(1)/m/n' will be
(Font)              scaled to size 6.0pt on input line 5209.
LaTeX Font Info:    Font shape `TU/LatinModernRoman(1)/m/n' will be
(Font)              scaled to size 5.0pt on input line 5209.
LaTeX Font Info:    Font shape `TU/LatinModernMath(2)/m/n' will be
(Font)              scaled to size 9.00082pt on input line 5209.
LaTeX Font Info:    Font shape `TU/LatinModernMath(2)/m/n' will be
(Font)              scaled to size 5.00046pt on input line 5209.
LaTeX Font Info:    Font shape `TU/LatinModernMath(3)/m/n' will be
(Font)              scaled to size 8.99904pt on input line 5209.
LaTeX Font Info:    Font shape `TU/LatinModernMath(3)/m/n' will be
(Font)              scaled to size 4.99947pt on input line 5209.
LaTeX Font Info:    Font shape `TU/LatinModernRoman(1)/b/n' will be
(Font)              scaled to size 8.73647pt on input line 5209.
LaTeX Font Info:    Font shape `TU/LatinModernRoman(1)/b/n' will be
(Font)              scaled to size 5.82431pt on input line 5209.
LaTeX Font Info:    Font shape `TU/LatinModernRoman(1)/b/n' will be
(Font)              scaled to size 4.85359pt on input line 5209.
Font mapping `tex-text.tec' for font `[lmsans9-regular]:mapping=tex-text;' not 
found.
Font mapping `tex-text.tec' for font `[lmsans8-regular]:mapping=tex-text;' not 
found.
Font mapping `tex-text.tec' for font `[lmsans8-regular]:mapping=tex-text;' not 
found.

Package fontspec Info: DejaVu Sans Mono scale = 0.788112595521966.


Package fontspec Info: DejaVu Sans Mono scale = 0.788112595521966.


Package fontspec Info: DejaVu Sans Mono scale = 0.788112595521966.


Package fontspec Info: DejaVu Sans Mono scale = 0.788112595521966.


Package fontspec Info: DejaVu Sans Mono scale = 0.788112595521966.


Package fontspec Info: DejaVu Sans Mono scale = 0.788112595521966.


Package fontspec Info: DejaVu Sans Mono scale = 0.788112595521966.


Package fontspec Info: DejaVu Sans Mono scale = 0.788112595521966.


Package fontspec Info: DejaVu Sans Mono scale = 0.788112595521966.


Package fontspec Info: DejaVu Sans Mono scale = 0.788112595521966.


Package fontspec Info: DejaVu Sans Mono scale = 0.788112595521966.


Package fontspec Info: DejaVu Sans Mono scale = 0.788112595521966.


Package fontspec Info: DejaVu Sans Mono scale = 0.788112595521966.


Package fontspec Info: DejaVu Sans Mono scale = 0.788112595521966.


Package fontspec Info: DejaVu Sans Mono scale = 0.788112595521966.


Package fontspec Info: DejaVu Sans Mono scale = 0.788112595521966.

 [67]

Package fontspec Info: DejaVu Sans Mono scale = 0.788112595521966.


Package fontspec Info: DejaVu Sans Mono scale = 0.788112595521966.


Package fontspec Info: DejaVu Sans Mono scale = 0.788112595521966.


Package fontspec Info: DejaVu Sans Mono scale = 0.788112595521966.


Package fontspec Info: DejaVu Sans Mono scale = 0.788112595521966.


Package fontspec Info: DejaVu Sans Mono scale = 0.788112595521966.


Package fontspec Info: DejaVu Sans Mono scale = 0.788112595521966.


Package fontspec Info: DejaVu Sans Mono scale = 0.788112595521966.


Package fontspec Info: DejaVu Sans Mono scale = 0.788112595521966.


Package fontspec Info: DejaVu Sans Mono scale = 0.788112595521966.


Package fontspec Info: DejaVu Sans Mono scale = 0.788112595521966.


Package fontspec Info: DejaVu Sans Mono scale = 0.788112595521966.


Package fontspec Info: DejaVu Sans Mono scale = 0.788112595521966.


Package fontspec Info: DejaVu Sans Mono scale = 0.788112595521966.


Package fontspec Info: DejaVu Sans Mono scale = 0.788112595521966.


Package fontspec Info: DejaVu Sans Mono scale = 0.788112595521966.


Package fontspec Info: DejaVu Sans Mono scale = 0.788112595521966.


Package fontspec Info: DejaVu Sans Mono scale = 0.788112595521966.


Package fontspec Info: DejaVu Sans Mono scale = 0.788112595521966.


Package fontspec Info: DejaVu Sans Mono scale = 0.788112595521966.


Package fontspec Info: DejaVu Sans Mono scale = 0.788112595521966.


Package fontspec Info: DejaVu Sans Mono scale = 0.788112595521966.

 [68]

Package fontspec Info: DejaVu Sans Mono scale = 0.788112595521966.


Package fontspec Info: DejaVu Sans Mono scale = 0.788112595521966.


Package fontspec Info: DejaVu Sans Mono scale = 0.788112595521966.


Package fontspec Info: DejaVu Sans Mono scale = 0.788112595521966.


Package fontspec Info: DejaVu Sans Mono scale = 0.788112595521966.


Package fontspec Info: DejaVu Sans Mono scale = 0.788112595521966.


Package fontspec Info: DejaVu Sans Mono scale = 0.788112595521966.


Package fontspec Info: DejaVu Sans Mono scale = 0.788112595521966.


Package fontspec Info: DejaVu Sans Mono scale = 0.788112595521966.


Package fontspec Info: DejaVu Sans Mono scale = 0.788112595521966.


Package fontspec Info: DejaVu Sans Mono scale = 0.788112595521966.


Package fontspec Info: DejaVu Sans Mono scale = 0.788112595521966.


Package fontspec Info: DejaVu Sans Mono scale = 0.788112595521966.


Package fontspec Info: DejaVu Sans Mono scale = 0.788112595521966.


Package fontspec Info: DejaVu Sans Mono scale = 0.788112595521966.


Package fontspec Info: DejaVu Sans Mono scale = 0.788112595521966.


Package fontspec Info: DejaVu Sans Mono scale = 0.788112595521966.


Package fontspec Info: DejaVu Sans Mono scale = 0.788112595521966.

 [69]

Package fontspec Info: DejaVu Sans Mono scale = 0.788112595521966.


Package fontspec Info: DejaVu Sans Mono scale = 0.788112595521966.


Package fontspec Info: DejaVu Sans Mono scale = 0.788112595521966.


Package fontspec Info: DejaVu Sans Mono scale = 0.788112595521966.


Package fontspec Info: DejaVu Sans Mono scale = 0.788112595521966.


Package fontspec Info: DejaVu Sans Mono scale = 0.788112595521966.


Package fontspec Info: DejaVu Sans Mono scale = 0.788112595521966.


Package fontspec Info: DejaVu Sans Mono scale = 0.788112595521966.


Package fontspec Info: DejaVu Sans Mono scale = 0.788112595521966.


Package fontspec Info: DejaVu Sans Mono scale = 0.788112595521966.


Package fontspec Info: DejaVu Sans Mono scale = 0.788112595521966.


Package fontspec Info: DejaVu Sans Mono scale = 0.788112595521966.


Package fontspec Info: DejaVu Sans Mono scale = 0.788112595521966.


Package fontspec Info: DejaVu Sans Mono scale = 0.788112595521966.


Package fontspec Info: DejaVu Sans Mono scale = 0.788112595521966.


Package fontspec Info: DejaVu Sans Mono scale = 0.788112595521966.


Package fontspec Info: DejaVu Sans Mono scale = 0.788112595521966.


Package fontspec Info: DejaVu Sans Mono scale = 0.788112595521966.


Package fontspec Info: DejaVu Sans Mono scale = 0.788112595521966.


Package fontspec Info: DejaVu Sans Mono scale = 0.788112595521966.


Package fontspec Info: DejaVu Sans Mono scale = 0.788112595521966.


Package fontspec Info: DejaVu Sans Mono scale = 0.788112595521966.


Package fontspec Info: DejaVu Sans Mono scale = 0.788112595521966.

 [70]

Package fontspec Info: DejaVu Sans Mono scale = 0.788112595521966.


Package fontspec Info: DejaVu Sans Mono scale = 0.788112595521966.


Package fontspec Info: DejaVu Sans Mono scale = 0.788112595521966.


Package fontspec Info: DejaVu Sans Mono scale = 0.788112595521966.


Package fontspec Info: DejaVu Sans Mono scale = 0.788112595521966.


Package fontspec Info: DejaVu Sans Mono scale = 0.788112595521966.


Package fontspec Info: DejaVu Sans Mono scale = 0.788112595521966.


Package fontspec Info: DejaVu Sans Mono scale = 0.788112595521966.


Package fontspec Info: DejaVu Sans Mono scale = 0.788112595521966.


Package fontspec Info: DejaVu Sans Mono scale = 0.788112595521966.


Package fontspec Info: DejaVu Sans Mono scale = 0.788112595521966.


Package fontspec Info: DejaVu Sans Mono scale = 0.788112595521966.


Package fontspec Info: DejaVu Sans Mono scale = 0.788112595521966.


Package fontspec Info: DejaVu Sans Mono scale = 0.788112595521966.


Package fontspec Info: DejaVu Sans Mono scale = 0.788112595521966.


Package fontspec Info: DejaVu Sans Mono scale = 0.788112595521966.


Package fontspec Info: DejaVu Sans Mono scale = 0.788112595521966.


Package fontspec Info: DejaVu Sans Mono scale = 0.788112595521966.


Package fontspec Info: DejaVu Sans Mono scale = 0.788112595521966.


Package fontspec Info: DejaVu Sans Mono scale = 0.788112595521966.


Package fontspec Info: DejaVu Sans Mono scale = 0.788112595521966.


Package fontspec Info: DejaVu Sans Mono scale = 0.788112595521966.


Package fontspec Info: DejaVu Sans Mono scale = 0.788112595521966.


Package fontspec Info: DejaVu Sans Mono scale = 0.788112595521966.

 [71]

Package fontspec Info: DejaVu Sans Mono scale = 0.788112595521966.


Package fontspec Info: DejaVu Sans Mono scale = 0.788112595521966.


Package fontspec Info: DejaVu Sans Mono scale = 0.788112595521966.


Package fontspec Info: DejaVu Sans Mono scale = 0.788112595521966.


Package fontspec Info: DejaVu Sans Mono scale = 0.788112595521966.


Package fontspec Info: DejaVu Sans Mono scale = 0.788112595521966.


Package fontspec Info: DejaVu Sans Mono scale = 0.788112595521966.


Package fontspec Info: DejaVu Sans Mono scale = 0.788112595521966.


Package fontspec Info: DejaVu Sans Mono scale = 0.788112595521966.


Package fontspec Info: DejaVu Sans Mono scale = 0.788112595521966.


Package fontspec Info: DejaVu Sans Mono scale = 0.788112595521966.


Package fontspec Info: DejaVu Sans Mono scale = 0.788112595521966.


Package fontspec Info: DejaVu Sans Mono scale = 0.788112595521966.


Package fontspec Info: DejaVu Sans Mono scale = 0.788112595521966.


Package fontspec Info: DejaVu Sans Mono scale = 0.788112595521966.


Package fontspec Info: DejaVu Sans Mono scale = 0.788112595521966.


Package fontspec Info: DejaVu Sans Mono scale = 0.788112595521966.


Package fontspec Info: DejaVu Sans Mono scale = 0.788112595521966.


Package fontspec Info: DejaVu Sans Mono scale = 0.788112595521966.


Package fontspec Info: DejaVu Sans Mono scale = 0.788112595521966.


Package fontspec Info: DejaVu Sans Mono scale = 0.788112595521966.

 [72]

Package fontspec Info: DejaVu Sans Mono scale = 0.788112595521966.


Package fontspec Info: DejaVu Sans Mono scale = 0.788112595521966.


Package fontspec Info: DejaVu Sans Mono scale = 0.788112595521966.


Package fontspec Info: DejaVu Sans Mono scale = 0.788112595521966.


Package fontspec Info: DejaVu Sans Mono scale = 0.788112595521966.


Package fontspec Info: DejaVu Sans Mono scale = 0.788112595521966.


Package fontspec Info: DejaVu Sans Mono scale = 0.788112595521966.


Package fontspec Info: DejaVu Sans Mono scale = 0.788112595521966.


Package fontspec Info: DejaVu Sans Mono scale = 0.788112595521966.


Package fontspec Info: DejaVu Sans Mono scale = 0.788112595521966.


Package fontspec Info: DejaVu Sans Mono scale = 0.788112595521966.


Package fontspec Info: DejaVu Sans Mono scale = 0.788112595521966.


Package fontspec Info: DejaVu Sans Mono scale = 0.788112595521966.


Package fontspec Info: DejaVu Sans Mono scale = 0.788112595521966.


Package fontspec Info: DejaVu Sans Mono scale = 0.788112595521966.


Package fontspec Info: DejaVu Sans Mono scale = 0.788112595521966.


Package fontspec Info: DejaVu Sans Mono scale = 0.788112595521966.


Package fontspec Info: DejaVu Sans Mono scale = 0.788112595521966.


Package fontspec Info: DejaVu Sans Mono scale = 0.788112595521966.


Package fontspec Info: DejaVu Sans Mono scale = 0.788112595521966.


Package fontspec Info: DejaVu Sans Mono scale = 0.788112595521966.


Package fontspec Info: DejaVu Sans Mono scale = 0.788112595521966.


Package fontspec Info: DejaVu Sans Mono scale = 0.788112595521966.


Package fontspec Info: DejaVu Sans Mono scale = 0.788112595521966.


Package fontspec Info: DejaVu Sans Mono scale = 0.788112595521966.


Package fontspec Info: DejaVu Sans Mono scale = 0.788112595521966.


Package fontspec Info: DejaVu Sans Mono scale = 0.788112595521966.


Package fontspec Info: DejaVu Sans Mono scale = 0.788112595521966.

 [73]

Package fontspec Info: DejaVu Sans Mono scale = 0.788112595521966.


Package fontspec Info: DejaVu Sans Mono scale = 0.788112595521966.


Package fontspec Info: DejaVu Sans Mono scale = 0.788112595521966.


Package fontspec Info: DejaVu Sans Mono scale = 0.788112595521966.


Package fontspec Info: DejaVu Sans Mono scale = 0.788112595521966.


Package fontspec Info: DejaVu Sans Mono scale = 0.788112595521966.


Package fontspec Info: DejaVu Sans Mono scale = 0.788112595521966.


Package fontspec Info: DejaVu Sans Mono scale = 0.788112595521966.


Package fontspec Info: DejaVu Sans Mono scale = 0.788112595521966.


Package fontspec Info: DejaVu Sans Mono scale = 0.788112595521966.


Package fontspec Info: DejaVu Sans Mono scale = 0.788112595521966.


Package fontspec Info: DejaVu Sans Mono scale = 0.788112595521966.


Package fontspec Info: DejaVu Sans Mono scale = 0.788112595521966.


Package fontspec Info: DejaVu Sans Mono scale = 0.788112595521966.


Package fontspec Info: DejaVu Sans Mono scale = 0.788112595521966.


Package fontspec Info: DejaVu Sans Mono scale = 0.788112595521966.


Package fontspec Info: DejaVu Sans Mono scale = 0.788112595521966.


Package fontspec Info: DejaVu Sans Mono scale = 0.788112595521966.


Package fontspec Info: DejaVu Sans Mono scale = 0.788112595521966.


Package fontspec Info: DejaVu Sans Mono scale = 0.788112595521966.


Package fontspec Info: DejaVu Sans Mono scale = 0.788112595521966.


Package fontspec Info: DejaVu Sans Mono scale = 0.788112595521966.


Package fontspec Info: DejaVu Sans Mono scale = 0.788112595521966.

 [74] [75] [76] [77] [78] [79]
[80] [81] [82] [83] [84] [85] [86] [87] [88] [89] [90] [91] [92] [93] [94]
[95] [96] [97] [98] [99]

Package tagpdf Warning: Parent-Child 'P/' --> 'text-unit/user'.
(tagpdf)                Relation is not allowed (struct 2460, /text --> struct
(tagpdf)                2461) on line 7604


Package tagpdf Warning: Parent-Child 'P/' --> 'text/user'.
(tagpdf)                Relation is not allowed (struct 2461, /text-unit -->
(tagpdf)                struct 2462) on line 7604


Package tagpdf Warning: nested marked content found - mcid 2268


Package tagpdf Warning: there is no mc to end at 2269

[100] [101] [102] [103] [104] [105] [106] [107] [108] [109] [110] [111]
[112] [113] [114] [115]
Underfull \hbox (badness 2253) in paragraph at lines 8854--8858
[][][]\TU/LatinModernRoman(2)/m/n/10.95 At \TU/DejaVuSansMono(0)/m/n/10.95 disp
atch(s,e)\TU/LatinModernRoman(2)/m/n/10.95 , a missing rule gives \TU/DejaVuSan
sMono(0)/m/n/10.95 HALT\TU/LatinModernRoman(2)/m/n/10.95 . A present rule gives
 \TU/DejaVuSansMono(0)/m/n/10.95 D_Z(H,t)\TU/LatinModernRoman(2)/m/n/10.95 , wi
th target
 []


Underfull \hbox (badness 2005) in paragraph at lines 8854--8858
\TU/DejaVuSansMono(0)/m/n/10.95 push(stay(s)).drain\TU/LatinModernRoman(2)/m/n/
10.95 , \TU/DejaVuSansMono(0)/m/n/10.95 l(s).start\TU/LatinModernRoman(2)/m/n/1
0.95 , or \TU/DejaVuSansMono(0)/m/n/10.95 push(right(s,e)).drain\TU/LatinModern
Roman(2)/m/n/10.95 , according as its move is stay,
 []

[116] [117] [118] [119] [120] [121] [122] [123] [124] [125] [126] [127]
[128] [129] [130] [131] [132] [133] [134]
Underfull \hbox (badness 1708) in paragraph at lines 10319--10332
[][][]\TU/LatinModernRoman(2)/m/n/10.95 The header is $[][][] [][]$ exactly whe
n the dispatch instruction is HALT; otherwise it is
 []

[135] [136] [137]
LaTeX Font Info:    Font shape `TU/LatinModernMath(1)/m/n' will be
(Font)              scaled to size 10.0pt on input line 10546.
LaTeX Font Info:    Font shape `TU/LatinModernMath(1)/m/n' will be
(Font)              scaled to size 7.0pt on input line 10546.
LaTeX Font Info:    Font shape `TU/LatinModernRoman(1)/m/n' will be
(Font)              scaled to size 10.0pt on input line 10546.
LaTeX Font Info:    Font shape `TU/LatinModernRoman(1)/m/n' will be
(Font)              scaled to size 7.0pt on input line 10546.
LaTeX Font Info:    Font shape `TU/LatinModernMath(2)/m/n' will be
(Font)              scaled to size 10.00092pt on input line 10546.
LaTeX Font Info:    Font shape `TU/LatinModernMath(2)/m/n' will be
(Font)              scaled to size 7.00064pt on input line 10546.
LaTeX Font Info:    Font shape `TU/LatinModernMath(3)/m/n' will be
(Font)              scaled to size 9.99893pt on input line 10546.
LaTeX Font Info:    Font shape `TU/LatinModernMath(3)/m/n' will be
(Font)              scaled to size 6.99925pt on input line 10546.
LaTeX Font Info:    Font shape `TU/LatinModernRoman(1)/b/n' will be
(Font)              scaled to size 9.70718pt on input line 10546.
LaTeX Font Info:    Font shape `TU/LatinModernRoman(1)/b/n' will be
(Font)              scaled to size 6.79503pt on input line 10546.
Font mapping `tex-text.tec' for font `[lmsans10-regular]:mapping=tex-text;' not
 found.
Font mapping `tex-text.tec' for font `[lmsans8-regular]:mapping=tex-text;' not 
found.
 [138] [139]

Package tagpdf Warning: Parent-Child 'Document/' --> 'MC (realcontent)'.
(tagpdf)                Relation is not allowed (struct 1, /Document) on line
(tagpdf)                10795


Package tagpdf Warning: Parent-Child 'Document/' --> 'MC (realcontent)'.
(tagpdf)                Relation is not allowed (struct 1, /Document) on line
(tagpdf)                10799


Package tagpdf Warning: Parent-Child 'Document/' --> 'MC (realcontent)'.
(tagpdf)                Relation is not allowed (struct 1, /Document) on line
(tagpdf)                10800


Package tagpdf Warning: Parent-Child 'Document/' --> 'MC (realcontent)'.
(tagpdf)                Relation is not allowed (struct 1, /Document) on line
(tagpdf)                10803


Package tagpdf Warning: Parent-Child 'Document/' --> 'MC (realcontent)'.
(tagpdf)                Relation is not allowed (struct 1, /Document) on line
(tagpdf)                10811


Package tagpdf Warning: Parent-Child 'Document/' --> 'MC (realcontent)'.
(tagpdf)                Relation is not allowed (struct 1, /Document) on line
(tagpdf)                10813

[140] [141]

Package tagpdf Warning: Parent-Child 'Document/' --> 'MC (realcontent)'.
(tagpdf)                Relation is not allowed (struct 1, /Document) on line
(tagpdf)                10846


Package tagpdf Warning: Parent-Child 'Document/' --> 'MC (realcontent)'.
(tagpdf)                Relation is not allowed (struct 1, /Document) on line
(tagpdf)                10849


Package tagpdf Warning: Parent-Child 'Document/' --> 'MC (realcontent)'.
(tagpdf)                Relation is not allowed (struct 1, /Document) on line
(tagpdf)                10851


Package tagpdf Warning: Parent-Child 'Document/' --> 'MC (realcontent)'.
(tagpdf)                Relation is not allowed (struct 1, /Document) on line
(tagpdf)                10859

[142] [143] [144] [145] [146] [147] [148] [149] [150] [151] [152] [153]

Package tagpdf Warning: Parent-Child 'Document/' --> 'MC (realcontent)'.
(tagpdf)                Relation is not allowed (struct 1, /Document) on line
(tagpdf)                11754


Package tagpdf Warning: Parent-Child 'Document/' --> 'MC (realcontent)'.
(tagpdf)                Relation is not allowed (struct 1, /Document) on line
(tagpdf)                11759


Package tagpdf Warning: Parent-Child 'Document/' --> 'MC (realcontent)'.
(tagpdf)                Relation is not allowed (struct 1, /Document) on line
(tagpdf)                11764


Package tagpdf Warning: Parent-Child 'Document/' --> 'MC (realcontent)'.
(tagpdf)                Relation is not allowed (struct 1, /Document) on line
(tagpdf)                11778


Package tagpdf Warning: Parent-Child 'Document/' --> 'MC (realcontent)'.
(tagpdf)                Relation is not allowed (struct 1, /Document) on line
(tagpdf)                11781

[154]

Package tagpdf Warning: Parent-Child 'Document/' --> 'MC (realcontent)'.
(tagpdf)                Relation is not allowed (struct 1, /Document) on line
(tagpdf)                11823


Package tagpdf Warning: Parent-Child 'Document/' --> 'MC (realcontent)'.
(tagpdf)                Relation is not allowed (struct 1, /Document) on line
(tagpdf)                11825


Package tagpdf Warning: Parent-Child 'Document/' --> 'MC (realcontent)'.
(tagpdf)                Relation is not allowed (struct 1, /Document) on line
(tagpdf)                11828


Package tagpdf Warning: Parent-Child 'Document/' --> 'MC (realcontent)'.
(tagpdf)                Relation is not allowed (struct 1, /Document) on line
(tagpdf)                11832


Package tagpdf Warning: Parent-Child 'Document/' --> 'MC (realcontent)'.
(tagpdf)                Relation is not allowed (struct 1, /Document) on line
(tagpdf)                11836


Package tagpdf Warning: Parent-Child 'Document/' --> 'MC (realcontent)'.
(tagpdf)                Relation is not allowed (struct 1, /Document) on line
(tagpdf)                11838

[155] [156] [157] [158] [159] [160] [161] [162] [163] [164] [165] [166]
[167] [168]
(/publication/work/tmp/work-area-2/input.aux)
 ***********
LaTeX2e <2023-11-01> patch level 1
L3 programming layer <2024-01-22>
 ***********


LaTeX Warning: Label(s) may have changed. Rerun to get cross-references right.

 ) 
Here is how much of TeX's memory you used:
 58824 strings out of 476878
 1564295 string characters out of 5805234
 2924826 words of memory out of 5000000
 80328 multiletter control sequences out of 15000+600000
 575147 words of font info for 166 fonts, out of 8000000 for 9000
 14 hyphenation exceptions out of 8191
 90i,17n,137p,1563b,13431s stack positions out of 10000i,1000n,20000p,200000b,200000s

Output written on /publication/work/tmp/work-area-2/input.pdf (168 pages).

